Workbook

Sheet Pozos
A1: X-UTM | B1: Y-UTM | C1: Z_m | D1: Z MDT | E1: Cod UK | F1: Codigo Fuente | G1: Localidad | H1: Departamento | I1: Prof. Total | J1: Prof. Libre | K1: Fuente BD | L1: Observaciones | M1: Z_boca (m) | N1: Fuente_Z | O1: Dif Z_m - Z MDT (m)
A2: 580666.78 | B2: 6501918 | D2: 160.6 | E2: UK000001 | G2: museo | H2: Tacuarembó | I2: 30 | K2: MEVIR | L2: MEVIR - MATRIN | M2: =IF(AND(ISNUMBER(C2),C2>0),C2,IF(ISNUMBER(D2),D2,"")) -> 160.6 | N2: =IF(AND(ISNUMBER(C2),C2>0),"Z_m",IF(ISNUMBER(D2),"MDT IDE 2,5 m","Sin cota")) -> MDT IDE 2,5 m | O2: =IF(AND(ISNUMBER(C2),C2>0,ISNUMBER(D2)),C2-D2,"")
A3: 580631.19 | B3: 6480718.2 | D3: 180.73 | E3: UK000002 | G3: Valle Eden | H3: Tacuarembó | I3: 44 | K3: Privado | L3: TECNOAGUA | M3: =IF(AND(ISNUMBER(C3),C3>0),C3,IF(ISNUMBER(D3),D3,"")) -> 180.73 | N3: =IF(AND(ISNUMBER(C3),C3>0),"Z_m",IF(ISNUMBER(D3),"MDT IDE 2,5 m","Sin cota")) -> MDT IDE 2,5 m | O3: =IF(AND(ISNUMBER(C3),C3>0,ISNUMBER(D3)),C3-D3,"")
A4: 600463 | B4: 6512354 | D4: 249.57 | E4: UK000003 | F4: E 1604 | G4: Lambare | H4: Tacuarembó | I4: 40 | K4: Dinamige | L4: DINAMIGE PRIVADOS | M4: =IF(AND(ISNUMBER(C4),C4>0),C4,IF(ISNUMBER(D4),D4,"")) -> 249.57 | N4: =IF(AND(ISNUMBER(C4),C4>0),"Z_m",IF(ISNUMBER(D4),"MDT IDE 2,5 m","Sin cota")) -> MDT IDE 2,5 m | O4: =IF(AND(ISNUMBER(C4),C4>0,ISNUMBER(D4)),C4-D4,"")
A5: 537917 | B5: 6161747 | D5: 30.11 | E5: UK000390 | F5: SGRH-01040200692-929.001 | G5: Costas del Tigre | H5: San José | I5: 50 | K5: Dinagua | L5: Dinagua | M5: =IF(AND(ISNUMBER(C5),C5>0),C5,IF(ISNUMBER(D5),D5,"")) -> 30.11 | N5: =IF(AND(ISNUMBER(C5),C5>0),"Z_m",IF(ISNUMBER(D5),"MDT IDE 2,5 m","Sin cota")) -> MDT IDE 2,5 m | O5: =IF(AND(ISNUMBER(C5),C5>0,ISNUMBER(D5)),C5-D5,"")
A6: 600853.17 | B6: 6477474.7 | D6: 133.52 | E6: UK000005 | G6: Sauce de Tranquera | H6: Tacuarembó | I6: 45 | K6: Dinagua | L6: DJ DINAGUA | M6: =IF(AND(ISNUMBER(C6),C6>0),C6,IF(ISNUMBER(D6),D6,"")) -> 133.52 | N6: =IF(AND(ISNUMBER(C6),C6>0),"Z_m",IF(ISNUMBER(D6),"MDT IDE 2,5 m","Sin cota")) -> MDT IDE 2,5 m | O6: =IF(AND(ISNUMBER(C6),C6>0,ISNUMBER(D6)),C6-D6,"")
A7: 610505.9 | B7: 6486828 | D7: 158.71 | E7: UK000006 | G7: Rincón de Giloca | H7: Tacuarembó | I7: 55 | K7: Privado | L7: Tecnoagua | M7: =IF(AND(ISNUMBER(C7),C7>0),C7,IF(ISNUMBER(D7),D7,"")) -> 158.71 | N7: =IF(AND(ISNUMBER(C7),C7>0),"Z_m",IF(ISNUMBER(D7),"MDT IDE 2,5 m","Sin cota")) -> MDT IDE 2,5 m | O7: =IF(AND(ISNUMBER(C7),C7>0,ISNUMBER(D7)),C7-D7,"")
A8: 618653 | B8: 6498379 | D8: 195.12 | E8: UK000007 | G8: Cuchilla La Palma | H8: Tacuarembó | I8: 58 | K8: Privado | L8: TECNOAGUA | M8: =IF(AND(ISNUMBER(C8),C8>0),C8,IF(ISNUMBER(D8),D8,"")) -> 195.12 | N8: =IF(AND(ISNUMBER(C8),C8>0),"Z_m",IF(ISNUMBER(D8),"MDT IDE 2,5 m","Sin cota")) -> MDT IDE 2,5 m | O8: =IF(AND(ISNUMBER(C8),C8>0,ISNUMBER(D8)),C8-D8,"")
A9: 597801.62 | B9: 6479142 | D9: 154.78 | E9: UK000008 | F9: A 1451/1 | G9: Paso Bonilla | H9: Tacuarembó | I9: 68 | K9: Dinamige | L9: DINAMIGE FORMACION TACUAREMBO | M9: =IF(AND(ISNUMBER(C9),C9>0),C9,IF(ISNUMBER(D9),D9,"")) -> 154.78 | N9: =IF(AND(ISNUMBER(C9),C9>0),"Z_m",IF(ISNUMBER(D9),"MDT IDE 2,5 m","Sin cota")) -> MDT IDE 2,5 m | O9: =IF(AND(ISNUMBER(C9),C9>0,ISNUMBER(D9)),C9-D9,"")
A10: 575542.85 | B10: 6498196 | D10: 176.92 | E10: UK000010 | G10: Zanja de los Peñas | H10: Tacuarembó | I10: 40 | K10: Privado | L10: TECNOAGUA | M10: =IF(AND(ISNUMBER(C10),C10>0),C10,IF(ISNUMBER(D10),D10,"")) -> 176.92 | N10: =IF(AND(ISNUMBER(C10),C10>0),"Z_m",IF(ISNUMBER(D10),"MDT IDE 2,5 m","Sin cota")) -> MDT IDE 2,5 m | O10: =IF(AND(ISNUMBER(C10),C10>0,ISNUMBER(D10)),C10-D10,"")
A11: 620146.7 | B11: 6494912.5 | D11: 162.68 | E11: UK000011 | F11: A 1369/5 | G11: Cuchilla La Palma | H11: Tacuarembó | I11: 42.5 | K11: Dinamige | L11: DINAMIGE FORMACION TACUAREMBO | M11: =IF(AND(ISNUMBER(C11),C11>0),C11,IF(ISNUMBER(D11),D11,"")) -> 162.68 | N11: =IF(AND(ISNUMBER(C11),C11>0),"Z_m",IF(ISNUMBER(D11),"MDT IDE 2,5 m","Sin cota")) -> MDT IDE 2,5 m | O11: =IF(AND(ISNUMBER(C11),C11>0,ISNUMBER(D11)),C11-D11,"")
A12: 623330.92 | B12: 6483486.8 | D12: 147.1 | E12: UK000012 | F12: A 1656/31 | G12: Cuchilla del Ombu | H12: Tacuarembó | I12: 57 | K12: Dinamige | L12: DINAMIGE FORMACION TACUAREMBO | M12: =IF(AND(ISNUMBER(C12),C12>0),C12,IF(ISNUMBER(D12),D12,"")) -> 147.1 | N12: =IF(AND(ISNUMBER(C12),C12>0),"Z_m",IF(ISNUMBER(D12),"MDT IDE 2,5 m","Sin cota")) -> MDT IDE 2,5 m | O12: =IF(AND(ISNUMBER(C12),C12>0,ISNUMBER(D12)),C12-D12,"")
A13: 622983.6 | B13: 6482778.3 | D13: 135.04 | E13: UK000013 | F13: A 922/1 | G13: Cuchilla del Ombu | H13: Tacuarembó | I13: 27.5 | K13: Dinamige | L13: DINAMIGE FORMACION TACUAREMBO | M13: =IF(AND(ISNUMBER(C13),C13>0),C13,IF(ISNUMBER(D13),D13,"")) -> 135.04 | N13: =IF(AND(ISNUMBER(C13),C13>0),"Z_m",IF(ISNUMBER(D13),"MDT IDE 2,5 m","Sin cota")) -> MDT IDE 2,5 m | O13: =IF(AND(ISNUMBER(C13),C13>0,ISNUMBER(D13)),C13-D13,"")
A14: 607771.11 | B14: 6505451.2 | C14: 170 | D14: 177.49 | E14: UK000014 | F14: SAGt-5 | G14: Bañado de Rocha | H14: Tacuarembó | I14: 38 | K14: Academia | L14: Tesis Paula Collazo | M14: =IF(AND(ISNUMBER(C14),C14>0),C14,IF(ISNUMBER(D14),D14,"")) -> 170 | N14: =IF(AND(ISNUMBER(C14),C14>0),"Z_m",IF(ISNUMBER(D14),"MDT IDE 2,5 m","Sin cota")) -> Z_m | O14: =IF(AND(ISNUMBER(C14),C14>0,ISNUMBER(D14)),C14-D14,"") -> -7.49
A15: 597020.45 | B15: 6480156.1 | D15: 145.15 | E15: UK000015 | F15: A 627 | G15: Paso Bonilla | H15: Tacuarembó | I15: 112.3 | K15: Dinamige | L15: DINAMIGE FORMACION TACUAREMBO | M15: =IF(AND(ISNUMBER(C15),C15>0),C15,IF(ISNUMBER(D15),D15,"")) -> 145.15 | N15: =IF(AND(ISNUMBER(C15),C15>0),"Z_m",IF(ISNUMBER(D15),"MDT IDE 2,5 m","Sin cota")) -> MDT IDE 2,5 m | O15: =IF(AND(ISNUMBER(C15),C15>0,ISNUMBER(D15)),C15-D15,"")
A16: 587296 | B16: 6512146 | C16: 140 | D16: 180.18 | E16: UK000016 | F16: A 1504/16 // SAGt-25 | G16: Paso Ceferino | H16: Tacuarembó | I16: 34.5 | K16: Academia | L16: DINAMIGE // Tesis Paula Collazo | M16: =IF(AND(ISNUMBER(C16),C16>0),C16,IF(ISNUMBER(D16),D16,"")) -> 140 | N16: =IF(AND(ISNUMBER(C16),C16>0),"Z_m",IF(ISNUMBER(D16),"MDT IDE 2,5 m","Sin cota")) -> Z_m | O16: =IF(AND(ISNUMBER(C16),C16>0,ISNUMBER(D16)),C16-D16,"") -> -40.18
A17: 591711.36 | B17: 6507631.5 | D17: 156.66 | E17: UK000017 | F17: A 1504/13 | G17: Paso de las Carretas | H17: Tacuarembó | I17: 50.4 | K17: Dinamige | L17: DINAMIGE FORMACION TACUAREMBO | M17: =IF(AND(ISNUMBER(C17),C17>0),C17,IF(ISNUMBER(D17),D17,"")) -> 156.66 | N17: =IF(AND(ISNUMBER(C17),C17>0),"Z_m",IF(ISNUMBER(D17),"MDT IDE 2,5 m","Sin cota")) -> MDT IDE 2,5 m | O17: =IF(AND(ISNUMBER(C17),C17>0,ISNUMBER(D17)),C17-D17,"")
A18: 578934.96 | B18: 6480611.5 | D18: 176.9 | E18: UK000018 | F18: A 1085/7 | G18: Valle Eaden/Los Rosano | H18: Tacuarembó | I18: 33 | K18: Dinamige | L18: DINAMIGE FORMACION TACUAREMBO | M18: =IF(AND(ISNUMBER(C18),C18>0),C18,IF(ISNUMBER(D18),D18,"")) -> 176.9 | N18: =IF(AND(ISNUMBER(C18),C18>0),"Z_m",IF(ISNUMBER(D18),"MDT IDE 2,5 m","Sin cota")) -> MDT IDE 2,5 m | O18: =IF(AND(ISNUMBER(C18),C18>0,ISNUMBER(D18)),C18-D18,"")
A19: 599365 | B19: 6511232 | C19: 142 | D19: 158.96 | E19: UK000019 | F19: A 1504/8 // SAGt-38 | G19: Lambare | H19: Tacuarembó | I19: 31 | K19: Dinamige | L19: DINAMIGE FORMACION TACUAREMBO // Tesis Paula Collazo | M19: =IF(AND(ISNUMBER(C19),C19>0),C19,IF(ISNUMBER(D19),D19,"")) -> 142 | N19: =IF(AND(ISNUMBER(C19),C19>0),"Z_m",IF(ISNUMBER(D19),"MDT IDE 2,5 m","Sin cota")) -> Z_m | O19: =IF(AND(ISNUMBER(C19),C19>0,ISNUMBER(D19)),C19-D19,"") -> -16.96
A20: 588399 | B20: 6519151 | D20: 181.78 | E20: UK000020 | F20: A 1504/14 | G20: Paso del Medio | H20: Tacuarembó | I20: 24.2 | K20: Dinamige | L20: DINAMIGE FORMACION TACUAREMBO | M20: =IF(AND(ISNUMBER(C20),C20>0),C20,IF(ISNUMBER(D20),D20,"")) -> 181.78 | N20: =IF(AND(ISNUMBER(C20),C20>0),"Z_m",IF(ISNUMBER(D20),"MDT IDE 2,5 m","Sin cota")) -> MDT IDE 2,5 m | O20: =IF(AND(ISNUMBER(C20),C20>0,ISNUMBER(D20)),C20-D20,"")
A21: 588497.14 | B21: 6518855.3 | D21: 175.58 | E21: UK000021 | F21: 17.3.002 // SGRH-2017-10-004-0510-1-691 | G21: Paso del Medio | H21: Tacuarembó | I21: 60 | K21: Dinagua | L21: REGISTRADOS EN DINAGUA | M21: =IF(AND(ISNUMBER(C21),C21>0),C21,IF(ISNUMBER(D21),D21,"")) -> 175.58 | N21: =IF(AND(ISNUMBER(C21),C21>0),"Z_m",IF(ISNUMBER(D21),"MDT IDE 2,5 m","Sin cota")) -> MDT IDE 2,5 m | O21: =IF(AND(ISNUMBER(C21),C21>0,ISNUMBER(D21)),C21-D21,"")
A22: 589730.95 | B22: 6501755.8 | D22: 211.8 | E22: UK000022 | F22: A 1504/11 | G22: Capon de la Yerba | H22: Tacuarembó | I22: 65.4 | K22: Dinamige | L22: DINAMIGE FORMACION TACUAREMBO | M22: =IF(AND(ISNUMBER(C22),C22>0),C22,IF(ISNUMBER(D22),D22,"")) -> 211.8 | N22: =IF(AND(ISNUMBER(C22),C22>0),"Z_m",IF(ISNUMBER(D22),"MDT IDE 2,5 m","Sin cota")) -> MDT IDE 2,5 m | O22: =IF(AND(ISNUMBER(C22),C22>0,ISNUMBER(D22)),C22-D22,"")
A23: 582042.36 | B23: 6496163.2 | D23: 169.11 | E23: UK000023 | G23: EL LUJAN | H23: Tacuarembó | I23: 35 | K23: MEVIR | L23: MEVIR - MATRIN | M23: =IF(AND(ISNUMBER(C23),C23>0),C23,IF(ISNUMBER(D23),D23,"")) -> 169.11 | N23: =IF(AND(ISNUMBER(C23),C23>0),"Z_m",IF(ISNUMBER(D23),"MDT IDE 2,5 m","Sin cota")) -> MDT IDE 2,5 m | O23: =IF(AND(ISNUMBER(C23),C23>0,ISNUMBER(D23)),C23-D23,"")
A24: 598060.22 | B24: 6475615.2 | D24: 165.23 | E24: UK000024 | G24: Batovi | H24: Tacuarembó | I24: 52 | K24: Privado | L24: TECNOAGUA | M24: =IF(AND(ISNUMBER(C24),C24>0),C24,IF(ISNUMBER(D24),D24,"")) -> 165.23 | N24: =IF(AND(ISNUMBER(C24),C24>0),"Z_m",IF(ISNUMBER(D24),"MDT IDE 2,5 m","Sin cota")) -> MDT IDE 2,5 m | O24: =IF(AND(ISNUMBER(C24),C24>0,ISNUMBER(D24)),C24-D24,"")
A25: 597079 | B25: 6491662 | C25: 160 | D25: 130.45 | E25: UK000025 | F25: SAGt-43 | G25: Carumbé | H25: Tacuarembó | I25: 41 | K25: Academia | L25: Tesis Paula Collazo | M25: =IF(AND(ISNUMBER(C25),C25>0),C25,IF(ISNUMBER(D25),D25,"")) -> 160 | N25: =IF(AND(ISNUMBER(C25),C25>0),"Z_m",IF(ISNUMBER(D25),"MDT IDE 2,5 m","Sin cota")) -> Z_m | O25: =IF(AND(ISNUMBER(C25),C25>0,ISNUMBER(D25)),C25-D25,"") -> 29.55
A26: 614179.84 | B26: 6495207 | C26: 150 | D26: 150.22 | E26: UK000026 | F26: SAGt-42 | G26: Cuchilla de la Palma | H26: Tacuarembó | I26: 46 | K26: Academia | L26: Tesis Paula Collazo | M26: =IF(AND(ISNUMBER(C26),C26>0),C26,IF(ISNUMBER(D26),D26,"")) -> 150 | N26: =IF(AND(ISNUMBER(C26),C26>0),"Z_m",IF(ISNUMBER(D26),"MDT IDE 2,5 m","Sin cota")) -> Z_m | O26: =IF(AND(ISNUMBER(C26),C26>0,ISNUMBER(D26)),C26-D26,"") -> -0.22
A27: 594226.59 | B27: 6474345.2 | D27: 186.94 | E27: UK000027 | G27: Batovi | H27: Tacuarembó | I27: 47 | K27: Privado | L27: TECNOAGUA | M27: =IF(AND(ISNUMBER(C27),C27>0),C27,IF(ISNUMBER(D27),D27,"")) -> 186.94 | N27: =IF(AND(ISNUMBER(C27),C27>0),"Z_m",IF(ISNUMBER(D27),"MDT IDE 2,5 m","Sin cota")) -> MDT IDE 2,5 m | O27: =IF(AND(ISNUMBER(C27),C27>0,ISNUMBER(D27)),C27-D27,"")
A28: 607758.55 | B28: 6505282.6 | D28: 179.16 | E28: UK000028 | F28: A 578 | G28: Bañado de Rocha | H28: Tacuarembó | I28: 702 | K28: Dinamige | L28: DINAMIGE FORMACION TACUAREMBO | M28: =IF(AND(ISNUMBER(C28),C28>0),C28,IF(ISNUMBER(D28),D28,"")) -> 179.16 | N28: =IF(AND(ISNUMBER(C28),C28>0),"Z_m",IF(ISNUMBER(D28),"MDT IDE 2,5 m","Sin cota")) -> MDT IDE 2,5 m | O28: =IF(AND(ISNUMBER(C28),C28>0,ISNUMBER(D28)),C28-D28,"")
A29: 592307.24 | B29: 6474378.5 | D29: 170.35 | E29: UK000029 | G29: Batovi | H29: Tacuarembó | I29: 41 | K29: Dinagua | L29: DJ DINAGUA | M29: =IF(AND(ISNUMBER(C29),C29>0),C29,IF(ISNUMBER(D29),D29,"")) -> 170.35 | N29: =IF(AND(ISNUMBER(C29),C29>0),"Z_m",IF(ISNUMBER(D29),"MDT IDE 2,5 m","Sin cota")) -> MDT IDE 2,5 m | O29: =IF(AND(ISNUMBER(C29),C29>0,ISNUMBER(D29)),C29-D29,"")
A30: 589259.07 | B30: 6502612.3 | D30: 190.17 | E30: UK000030 | F30: A 1504/12 | G30: Poblado Capon de la Yerba | H30: Tacuarembó | I30: 53.3 | K30: Dinamige | L30: DINAMIGE FORMACION TACUAREMBO | M30: =IF(AND(ISNUMBER(C30),C30>0),C30,IF(ISNUMBER(D30),D30,"")) -> 190.17 | N30: =IF(AND(ISNUMBER(C30),C30>0),"Z_m",IF(ISNUMBER(D30),"MDT IDE 2,5 m","Sin cota")) -> MDT IDE 2,5 m | O30: =IF(AND(ISNUMBER(C30),C30>0,ISNUMBER(D30)),C30-D30,"")
A31: 593954 | B31: 6479621 | D31: 159.07 | E31: UK000031 | F31: A 1549/26 | G31: Bonilla | H31: Tacuarembó | I31: 51 | K31: Dinamige | L31: DINAMIGE FORMACION TACUAREMBO | M31: =IF(AND(ISNUMBER(C31),C31>0),C31,IF(ISNUMBER(D31),D31,"")) -> 159.07 | N31: =IF(AND(ISNUMBER(C31),C31>0),"Z_m",IF(ISNUMBER(D31),"MDT IDE 2,5 m","Sin cota")) -> MDT IDE 2,5 m | O31: =IF(AND(ISNUMBER(C31),C31>0,ISNUMBER(D31)),C31-D31,"")
A32: 594127.15 | B32: 6479349.3 | D32: 166.46 | E32: UK000032 | F32: A 1549/27 | G32: Bonilla | H32: Tacuarembó | I32: 50 | K32: Dinamige | L32: DINAMIGE FORMACION TACUAREMBO | M32: =IF(AND(ISNUMBER(C32),C32>0),C32,IF(ISNUMBER(D32),D32,"")) -> 166.46 | N32: =IF(AND(ISNUMBER(C32),C32>0),"Z_m",IF(ISNUMBER(D32),"MDT IDE 2,5 m","Sin cota")) -> MDT IDE 2,5 m | O32: =IF(AND(ISNUMBER(C32),C32>0,ISNUMBER(D32)),C32-D32,"")
A33: 594216.61 | B33: 6478358.2 | D33: 167.59 | E33: UK000033 | F33: A 1549/28 | G33: Bonilla Manzani | H33: Tacuarembó | I33: 45 | K33: Dinamige | L33: DINAMIGE FORMACION TACUAREMBO | M33: =IF(AND(ISNUMBER(C33),C33>0),C33,IF(ISNUMBER(D33),D33,"")) -> 167.59 | N33: =IF(AND(ISNUMBER(C33),C33>0),"Z_m",IF(ISNUMBER(D33),"MDT IDE 2,5 m","Sin cota")) -> MDT IDE 2,5 m | O33: =IF(AND(ISNUMBER(C33),C33>0,ISNUMBER(D33)),C33-D33,"")
A34: 593484.5 | B34: 6479807.9 | D34: 157.58 | E34: UK000034 | F34: A 1549/30 | G34: Bonilla | H34: Tacuarembó | I34: 51 | K34: Dinamige | L34: DINAMIGE FORMACION TACUAREMBO | M34: =IF(AND(ISNUMBER(C34),C34>0),C34,IF(ISNUMBER(D34),D34,"")) -> 157.58 | N34: =IF(AND(ISNUMBER(C34),C34>0),"Z_m",IF(ISNUMBER(D34),"MDT IDE 2,5 m","Sin cota")) -> MDT IDE 2,5 m | O34: =IF(AND(ISNUMBER(C34),C34>0,ISNUMBER(D34)),C34-D34,"")
A35: 597556.02 | B35: 6478807.9 | D35: 157.01 | E35: UK000035 | F35: A 1656/3 | G35: Paraje Bonilla | H35: Tacuarembó | I35: 45 | K35: Dinamige | L35: DINAMIGE FORMACION TACUAREMBO | M35: =IF(AND(ISNUMBER(C35),C35>0),C35,IF(ISNUMBER(D35),D35,"")) -> 157.01 | N35: =IF(AND(ISNUMBER(C35),C35>0),"Z_m",IF(ISNUMBER(D35),"MDT IDE 2,5 m","Sin cota")) -> MDT IDE 2,5 m | O35: =IF(AND(ISNUMBER(C35),C35>0,ISNUMBER(D35)),C35-D35,"")
A36: 588037.17 | B36: 6519440 | D36: 193.36 | E36: UK000036 | F36: A 1656/33 | G36: Paso del Medio | H36: Tacuarembó | I36: 38 | K36: Dinamige | L36: DINAMIGE FORMACION TACUAREMBO | M36: =IF(AND(ISNUMBER(C36),C36>0),C36,IF(ISNUMBER(D36),D36,"")) -> 193.36 | N36: =IF(AND(ISNUMBER(C36),C36>0),"Z_m",IF(ISNUMBER(D36),"MDT IDE 2,5 m","Sin cota")) -> MDT IDE 2,5 m | O36: =IF(AND(ISNUMBER(C36),C36>0,ISNUMBER(D36)),C36-D36,"")
A37: 596454 | B37: 6477444 | D37: 164.17 | E37: UK000037 | F37: A 1656/34 | G37: Paso Bonilla | H37: Tacuarembó | I37: 36.2 | K37: Dinamige | L37: DINAMIGE FORMACION TACUAREMBO | M37: =IF(AND(ISNUMBER(C37),C37>0),C37,IF(ISNUMBER(D37),D37,"")) -> 164.17 | N37: =IF(AND(ISNUMBER(C37),C37>0),"Z_m",IF(ISNUMBER(D37),"MDT IDE 2,5 m","Sin cota")) -> MDT IDE 2,5 m | O37: =IF(AND(ISNUMBER(C37),C37>0,ISNUMBER(D37)),C37-D37,"")
A38: 596492.12 | B38: 6477452.7 | D38: 162.58 | E38: UK000038 | F38: A 1656/8 | G38: Paraje Lujan | H38: Tacuarembó | I38: 40 | K38: Dinamige | L38: DINAMIGE FORMACION TACUAREMBO | M38: =IF(AND(ISNUMBER(C38),C38>0),C38,IF(ISNUMBER(D38),D38,"")) -> 162.58 | N38: =IF(AND(ISNUMBER(C38),C38>0),"Z_m",IF(ISNUMBER(D38),"MDT IDE 2,5 m","Sin cota")) -> MDT IDE 2,5 m | O38: =IF(AND(ISNUMBER(C38),C38>0,ISNUMBER(D38)),C38-D38,"")
A39: 610124.84 | B39: 6492724.7 | D39: 146.85 | E39: UK000039 | F39: A 1400/1 | G39: Estancia La Magnolia | H39: Tacuarembó | I39: 66 | K39: Dinamige | L39: DINAMIGE FORMACION TACUAREMBO | M39: =IF(AND(ISNUMBER(C39),C39>0),C39,IF(ISNUMBER(D39),D39,"")) -> 146.85 | N39: =IF(AND(ISNUMBER(C39),C39>0),"Z_m",IF(ISNUMBER(D39),"MDT IDE 2,5 m","Sin cota")) -> MDT IDE 2,5 m | O39: =IF(AND(ISNUMBER(C39),C39>0,ISNUMBER(D39)),C39-D39,"")
A40: 611157 | B40: 6491178 | D40: 146.45 | E40: UK000040 | F40: A 1400/2 | G40: Estancia La Magnolia | H40: Tacuarembó | I40: 66 | K40: Dinamige | L40: DINAMIGE FORMACION TACUAREMBO | M40: =IF(AND(ISNUMBER(C40),C40>0),C40,IF(ISNUMBER(D40),D40,"")) -> 146.45 | N40: =IF(AND(ISNUMBER(C40),C40>0),"Z_m",IF(ISNUMBER(D40),"MDT IDE 2,5 m","Sin cota")) -> MDT IDE 2,5 m | O40: =IF(AND(ISNUMBER(C40),C40>0,ISNUMBER(D40)),C40-D40,"")
A41: 542323.95 | B41: 6156793.7 | D41: 9.31 | E41: UK000583 | F41: 2014/14000/16328 | H41: San José | I41: 19 | K41: Dinagua | L41: Dinagua | M41: =IF(AND(ISNUMBER(C41),C41>0),C41,IF(ISNUMBER(D41),D41,"")) -> 9.31 | N41: =IF(AND(ISNUMBER(C41),C41>0),"Z_m",IF(ISNUMBER(D41),"MDT IDE 2,5 m","Sin cota")) -> MDT IDE 2,5 m | O41: =IF(AND(ISNUMBER(C41),C41>0,ISNUMBER(D41)),C41-D41,"")
A42: 594546.81 | B42: 6473028 | D42: 193.48 | E42: UK000042 | F42: A 1418 | G42: Batovi | H42: Tacuarembó | I42: 30 | K42: Dinamige | L42: DINAMIGE FORMACION TACUAREMBO | M42: =IF(AND(ISNUMBER(C42),C42>0),C42,IF(ISNUMBER(D42),D42,"")) -> 193.48 | N42: =IF(AND(ISNUMBER(C42),C42>0),"Z_m",IF(ISNUMBER(D42),"MDT IDE 2,5 m","Sin cota")) -> MDT IDE 2,5 m | O42: =IF(AND(ISNUMBER(C42),C42>0,ISNUMBER(D42)),C42-D42,"")
A43: 578279 | B43: 6479472 | D43: 174.55 | E43: UK000043 | G43: Valle Eden | H43: Tacuarembó | I43: 46 | K43: Privado | L43: TECNOAGUA | M43: =IF(AND(ISNUMBER(C43),C43>0),C43,IF(ISNUMBER(D43),D43,"")) -> 174.55 | N43: =IF(AND(ISNUMBER(C43),C43>0),"Z_m",IF(ISNUMBER(D43),"MDT IDE 2,5 m","Sin cota")) -> MDT IDE 2,5 m | O43: =IF(AND(ISNUMBER(C43),C43>0,ISNUMBER(D43)),C43-D43,"")
A44: 541652 | B44: 6154948 | D44: 5.75 | E44: UK000462 | F44: SGRH-2017-10-004-0510-1-368 | H44: San José | I44: 21 | K44: Dinagua | L44: Dinagua | M44: =IF(AND(ISNUMBER(C44),C44>0),C44,IF(ISNUMBER(D44),D44,"")) -> 5.75 | N44: =IF(AND(ISNUMBER(C44),C44>0),"Z_m",IF(ISNUMBER(D44),"MDT IDE 2,5 m","Sin cota")) -> MDT IDE 2,5 m | O44: =IF(AND(ISNUMBER(C44),C44>0,ISNUMBER(D44)),C44-D44,"")
A45: 541444 | B45: 6154656 | D45: 5.75 | E45: UK000463 | F45: SGRH-2017-10-004-0510-1-370 | H45: San José | I45: 24 | K45: Dinagua | L45: Dinagua | M45: =IF(AND(ISNUMBER(C45),C45>0),C45,IF(ISNUMBER(D45),D45,"")) -> 5.75 | N45: =IF(AND(ISNUMBER(C45),C45>0),"Z_m",IF(ISNUMBER(D45),"MDT IDE 2,5 m","Sin cota")) -> MDT IDE 2,5 m | O45: =IF(AND(ISNUMBER(C45),C45>0,ISNUMBER(D45)),C45-D45,"")
A46: 613706 | B46: 6483135.9 | D46: 153.33 | E46: UK000046 | G46: Arroyo tres cruces | H46: Tacuarembó | I46: 60 | K46: Dinagua | L46: TECNOAGUA // DJ DINAGUA | M46: =IF(AND(ISNUMBER(C46),C46>0),C46,IF(ISNUMBER(D46),D46,"")) -> 153.33 | N46: =IF(AND(ISNUMBER(C46),C46>0),"Z_m",IF(ISNUMBER(D46),"MDT IDE 2,5 m","Sin cota")) -> MDT IDE 2,5 m | O46: =IF(AND(ISNUMBER(C46),C46>0,ISNUMBER(D46)),C46-D46,"")
A47: 541533 | B47: 6154813 | D47: 5.72 | E47: UK000676 | F47: SGRH-2018-10-004-0510-1-76 | H47: San José | I47: 19 | K47: Dinagua | L47: Dinagua | M47: =IF(AND(ISNUMBER(C47),C47>0),C47,IF(ISNUMBER(D47),D47,"")) -> 5.72 | N47: =IF(AND(ISNUMBER(C47),C47>0),"Z_m",IF(ISNUMBER(D47),"MDT IDE 2,5 m","Sin cota")) -> MDT IDE 2,5 m | O47: =IF(AND(ISNUMBER(C47),C47>0,ISNUMBER(D47)),C47-D47,"")
A48: 570943.48 | B48: 6519695.6 | D48: 335.19 | E48: UK000048 | F48: 17.3.003 | G48: Cerro Travieso | H48: Tacuarembó | I48: 126 | K48: OSE | L48: OSE | M48: =IF(AND(ISNUMBER(C48),C48>0),C48,IF(ISNUMBER(D48),D48,"")) -> 335.19 | N48: =IF(AND(ISNUMBER(C48),C48>0),"Z_m",IF(ISNUMBER(D48),"MDT IDE 2,5 m","Sin cota")) -> MDT IDE 2,5 m | O48: =IF(AND(ISNUMBER(C48),C48>0,ISNUMBER(D48)),C48-D48,"")
A49: 599750.24 | B49: 6493886.5 | D49: 162.65 | E49: UK000049 | F49: 25.3.004 | G49: Los Molles | H49: Tacuarembó | I49: 32 | K49: OSE | L49: OSE | M49: =IF(AND(ISNUMBER(C49),C49>0),C49,IF(ISNUMBER(D49),D49,"")) -> 162.65 | N49: =IF(AND(ISNUMBER(C49),C49>0),"Z_m",IF(ISNUMBER(D49),"MDT IDE 2,5 m","Sin cota")) -> MDT IDE 2,5 m | O49: =IF(AND(ISNUMBER(C49),C49>0,ISNUMBER(D49)),C49-D49,"")
A50: 599476 | B50: 6493390 | D50: 145.15 | E50: UK000050 | F50: 25.3.005 | G50: Los Molles | H50: Tacuarembó | I50: 55.4 | K50: OSE | L50: OSE | M50: =IF(AND(ISNUMBER(C50),C50>0),C50,IF(ISNUMBER(D50),D50,"")) -> 145.15 | N50: =IF(AND(ISNUMBER(C50),C50>0),"Z_m",IF(ISNUMBER(D50),"MDT IDE 2,5 m","Sin cota")) -> MDT IDE 2,5 m | O50: =IF(AND(ISNUMBER(C50),C50>0,ISNUMBER(D50)),C50-D50,"")
A51: 596417.21 | B51: 6481305.3 | D51: 133.86 | E51: UK000051 | F51: 25.3.007 | G51: Poblado Lavalleja - Pueblo Bonilla | H51: Tacuarembó | I51: 75 | K51: OSE | L51: OSE | M51: =IF(AND(ISNUMBER(C51),C51>0),C51,IF(ISNUMBER(D51),D51,"")) -> 133.86 | N51: =IF(AND(ISNUMBER(C51),C51>0),"Z_m",IF(ISNUMBER(D51),"MDT IDE 2,5 m","Sin cota")) -> MDT IDE 2,5 m | O51: =IF(AND(ISNUMBER(C51),C51>0,ISNUMBER(D51)),C51-D51,"")
A52: 601067.3 | B52: 6487913.1 | D52: 133.36 | E52: UK000052 | F52: 25.3.008 | G52: Planta de tratamiento | H52: Tacuarembó | I52: 100.5 | K52: OSE | L52: OSE | M52: =IF(AND(ISNUMBER(C52),C52>0),C52,IF(ISNUMBER(D52),D52,"")) -> 133.36 | N52: =IF(AND(ISNUMBER(C52),C52>0),"Z_m",IF(ISNUMBER(D52),"MDT IDE 2,5 m","Sin cota")) -> MDT IDE 2,5 m | O52: =IF(AND(ISNUMBER(C52),C52>0,ISNUMBER(D52)),C52-D52,"")
A53: 595394 | B53: 6472903 | D53: 192.95 | E53: UK000053 | F53: 25.3.011 | G53: Sauce de Batovi | H53: Tacuarembó | I53: 128 | K53: OSE | L53: OSE // Tesis Paula Collazo | M53: =IF(AND(ISNUMBER(C53),C53>0),C53,IF(ISNUMBER(D53),D53,"")) -> 192.95 | N53: =IF(AND(ISNUMBER(C53),C53>0),"Z_m",IF(ISNUMBER(D53),"MDT IDE 2,5 m","Sin cota")) -> MDT IDE 2,5 m | O53: =IF(AND(ISNUMBER(C53),C53>0,ISNUMBER(D53)),C53-D53,"")
A54: 595096.15 | B54: 6473789.6 | D54: 164.94 | E54: UK000054 | F54: 33.2.001 | G54: Cerros de Clara | H54: Tacuarembó | I54: 40 | K54: OSE | L54: OSE // DJ DINAGUA | M54: =IF(AND(ISNUMBER(C54),C54>0),C54,IF(ISNUMBER(D54),D54,"")) -> 164.94 | N54: =IF(AND(ISNUMBER(C54),C54>0),"Z_m",IF(ISNUMBER(D54),"MDT IDE 2,5 m","Sin cota")) -> MDT IDE 2,5 m | O54: =IF(AND(ISNUMBER(C54),C54>0,ISNUMBER(D54)),C54-D54,"")
A55: 596768 | B55: 6480679 | D55: 133.47 | E55: UK000055 | F55: MEVIR 2 | G55: Poblado Lavalleja - Pueblo Bonilla | H55: Tacuarembó | I55: 56 | K55: OSE | L55: OSE | M55: =IF(AND(ISNUMBER(C55),C55>0),C55,IF(ISNUMBER(D55),D55,"")) -> 133.47 | N55: =IF(AND(ISNUMBER(C55),C55>0),"Z_m",IF(ISNUMBER(D55),"MDT IDE 2,5 m","Sin cota")) -> MDT IDE 2,5 m | O55: =IF(AND(ISNUMBER(C55),C55>0,ISNUMBER(D55)),C55-D55,"")
A56: 596795 | B56: 6480824 | D56: 134.91 | E56: UK000056 | F56: Perforación Mevir | G56: Poblado Lavalleja - Pueblo Bonilla | H56: Tacuarembó | I56: 39 | K56: OSE | L56: OSE | M56: =IF(AND(ISNUMBER(C56),C56>0),C56,IF(ISNUMBER(D56),D56,"")) -> 134.91 | N56: =IF(AND(ISNUMBER(C56),C56>0),"Z_m",IF(ISNUMBER(D56),"MDT IDE 2,5 m","Sin cota")) -> MDT IDE 2,5 m | O56: =IF(AND(ISNUMBER(C56),C56>0,ISNUMBER(D56)),C56-D56,"")
A57: 583966.37 | B57: 6491987 | D57: 199.33 | E57: UK000057 | G57: C° La Aldea | H57: Tacuarembó | I57: 46.4 | K57: Privado | L57: TECNOAGUA | M57: =IF(AND(ISNUMBER(C57),C57>0),C57,IF(ISNUMBER(D57),D57,"")) -> 199.33 | N57: =IF(AND(ISNUMBER(C57),C57>0),"Z_m",IF(ISNUMBER(D57),"MDT IDE 2,5 m","Sin cota")) -> MDT IDE 2,5 m | O57: =IF(AND(ISNUMBER(C57),C57>0,ISNUMBER(D57)),C57-D57,"")
A58: 607284.17 | B58: 6504926.3 | C58: 180 | D58: 175.7 | E58: UK000058 | F58: SAGt-4 | G58: Bañado de Rocha | H58: Tacuarembó | I58: 17 | K58: Privado | L58: Tesis Paula Collazo | M58: =IF(AND(ISNUMBER(C58),C58>0),C58,IF(ISNUMBER(D58),D58,"")) -> 180 | N58: =IF(AND(ISNUMBER(C58),C58>0),"Z_m",IF(ISNUMBER(D58),"MDT IDE 2,5 m","Sin cota")) -> Z_m | O58: =IF(AND(ISNUMBER(C58),C58>0,ISNUMBER(D58)),C58-D58,"") -> 4.3
A59: 623929.13 | B59: 6482245.4 | D59: 139.28 | E59: UK000059 | F59: A 1366/1 // PP-U-0373-1366/01 | G59: Cuchilla del Ombu | H59: Tacuarembó | I59: 50 | K59: Dinamige | L59: DINAMIGE FORMACION TACUAREMBO // Proyecto Guarani | M59: =IF(AND(ISNUMBER(C59),C59>0),C59,IF(ISNUMBER(D59),D59,"")) -> 139.28 | N59: =IF(AND(ISNUMBER(C59),C59>0),"Z_m",IF(ISNUMBER(D59),"MDT IDE 2,5 m","Sin cota")) -> MDT IDE 2,5 m | O59: =IF(AND(ISNUMBER(C59),C59>0,ISNUMBER(D59)),C59-D59,"")
A60: 541976 | B60: 6154641 | D60: 4.65 | E60: UK000802 | F60: 2023/36001/004983 | H60: San José | I60: 20 | K60: Dinagua | L60: Dinagua | M60: =IF(AND(ISNUMBER(C60),C60>0),C60,IF(ISNUMBER(D60),D60,"")) -> 4.65 | N60: =IF(AND(ISNUMBER(C60),C60>0),"Z_m",IF(ISNUMBER(D60),"MDT IDE 2,5 m","Sin cota")) -> MDT IDE 2,5 m | O60: =IF(AND(ISNUMBER(C60),C60>0,ISNUMBER(D60)),C60-D60,"")
A61: 541367 | B61: 6154350 | D61: 5 | E61: UK000803 | F61: 2023/36001/005191 | H61: San José | I61: 18.5 | K61: Dinagua | L61: Dinagua | M61: =IF(AND(ISNUMBER(C61),C61>0),C61,IF(ISNUMBER(D61),D61,"")) -> 5 | N61: =IF(AND(ISNUMBER(C61),C61>0),"Z_m",IF(ISNUMBER(D61),"MDT IDE 2,5 m","Sin cota")) -> MDT IDE 2,5 m | O61: =IF(AND(ISNUMBER(C61),C61>0,ISNUMBER(D61)),C61-D61,"")
A62: 594096 | B62: 6479824 | D62: 153.48 | E62: UK000062 | G62: Valle Eden | H62: Tacuarembó | I62: 40 | K62: Privado | L62: TECNOAGUA | M62: =IF(AND(ISNUMBER(C62),C62>0),C62,IF(ISNUMBER(D62),D62,"")) -> 153.48 | N62: =IF(AND(ISNUMBER(C62),C62>0),"Z_m",IF(ISNUMBER(D62),"MDT IDE 2,5 m","Sin cota")) -> MDT IDE 2,5 m | O62: =IF(AND(ISNUMBER(C62),C62>0,ISNUMBER(D62)),C62-D62,"")
A63: 617254.2 | B63: 6488058 | C63: 120 | D63: 127.73 | E63: UK000063 | F63: SAGt-24 | G63: Tacuarembo | H63: Tacuarembó | I63: 30 | K63: Academia | L63: Tesis Paula Collazo | M63: =IF(AND(ISNUMBER(C63),C63>0),C63,IF(ISNUMBER(D63),D63,"")) -> 120 | N63: =IF(AND(ISNUMBER(C63),C63>0),"Z_m",IF(ISNUMBER(D63),"MDT IDE 2,5 m","Sin cota")) -> Z_m | O63: =IF(AND(ISNUMBER(C63),C63>0,ISNUMBER(D63)),C63-D63,"") -> -7.73
A64: 541529 | B64: 6154283 | D64: 5.88 | E64: UK000804 | F64: 2023/36001/006523 | H64: San José | I64: 20 | K64: Dinagua | L64: Dinagua | M64: =IF(AND(ISNUMBER(C64),C64>0),C64,IF(ISNUMBER(D64),D64,"")) -> 5.88 | N64: =IF(AND(ISNUMBER(C64),C64>0),"Z_m",IF(ISNUMBER(D64),"MDT IDE 2,5 m","Sin cota")) -> MDT IDE 2,5 m | O64: =IF(AND(ISNUMBER(C64),C64>0,ISNUMBER(D64)),C64-D64,"")
A65: 578257 | B65: 6478727 | D65: 173.76 | E65: UK000065 | F65: A 1477/1 | G65: Valle Eden | H65: Tacuarembó | I65: 30 | K65: Dinamige | L65: DINAMIGE FORMACION TACUAREMBO | M65: =IF(AND(ISNUMBER(C65),C65>0),C65,IF(ISNUMBER(D65),D65,"")) -> 173.76 | N65: =IF(AND(ISNUMBER(C65),C65>0),"Z_m",IF(ISNUMBER(D65),"MDT IDE 2,5 m","Sin cota")) -> MDT IDE 2,5 m | O65: =IF(AND(ISNUMBER(C65),C65>0,ISNUMBER(D65)),C65-D65,"")
A66: 541613 | B66: 6154497 | D66: 5.63 | E66: UK000805 | F66: 2023/36001/005401 | H66: San José | I66: 18 | K66: Dinagua | L66: Dinagua | M66: =IF(AND(ISNUMBER(C66),C66>0),C66,IF(ISNUMBER(D66),D66,"")) -> 5.63 | N66: =IF(AND(ISNUMBER(C66),C66>0),"Z_m",IF(ISNUMBER(D66),"MDT IDE 2,5 m","Sin cota")) -> MDT IDE 2,5 m | O66: =IF(AND(ISNUMBER(C66),C66>0,ISNUMBER(D66)),C66-D66,"")
A67: 610425 | B67: 6481143 | D67: 119.47 | E67: UK000067 | G67: Costas de Tranqueras | H67: San José | I67: 50 | K67: Privado | L67: TECNOAGUA | M67: =IF(AND(ISNUMBER(C67),C67>0),C67,IF(ISNUMBER(D67),D67,"")) -> 119.47 | N67: =IF(AND(ISNUMBER(C67),C67>0),"Z_m",IF(ISNUMBER(D67),"MDT IDE 2,5 m","Sin cota")) -> MDT IDE 2,5 m | O67: =IF(AND(ISNUMBER(C67),C67>0,ISNUMBER(D67)),C67-D67,"")
A68: 615718.37 | B68: 6500835.3 | D68: 173.33 | E68: UK000068 | G68: La Palma | H68: Tacuarembó | I68: 60 | K68: Privado | L68: TECNOAGUA | M68: =IF(AND(ISNUMBER(C68),C68>0),C68,IF(ISNUMBER(D68),D68,"")) -> 173.33 | N68: =IF(AND(ISNUMBER(C68),C68>0),"Z_m",IF(ISNUMBER(D68),"MDT IDE 2,5 m","Sin cota")) -> MDT IDE 2,5 m | O68: =IF(AND(ISNUMBER(C68),C68>0,ISNUMBER(D68)),C68-D68,"")
A69: 541409 | B69: 6154187 | D69: 5.65 | E69: UK000806 | F69: 2023/36001/005281 | H69: San José | I69: 18 | K69: Dinagua | L69: Dinagua | M69: =IF(AND(ISNUMBER(C69),C69>0),C69,IF(ISNUMBER(D69),D69,"")) -> 5.65 | N69: =IF(AND(ISNUMBER(C69),C69>0),"Z_m",IF(ISNUMBER(D69),"MDT IDE 2,5 m","Sin cota")) -> MDT IDE 2,5 m | O69: =IF(AND(ISNUMBER(C69),C69>0,ISNUMBER(D69)),C69-D69,"")
A70: 598067.03 | B70: 6494245.2 | D70: 162.41 | E70: UK000070 | G70: Local Lujan | H70: Tacuarembó | I70: 35 | K70: Privado | L70: TECNOAGUA | M70: =IF(AND(ISNUMBER(C70),C70>0),C70,IF(ISNUMBER(D70),D70,"")) -> 162.41 | N70: =IF(AND(ISNUMBER(C70),C70>0),"Z_m",IF(ISNUMBER(D70),"MDT IDE 2,5 m","Sin cota")) -> MDT IDE 2,5 m | O70: =IF(AND(ISNUMBER(C70),C70>0,ISNUMBER(D70)),C70-D70,"")
A71: 598066.28 | B71: 6494245 | D71: 162.71 | E71: UK000071 | G71: Tacuarembo | H71: Tacuarembó | I71: 55 | K71: Privado | L71: TECNOAGUA | M71: =IF(AND(ISNUMBER(C71),C71>0),C71,IF(ISNUMBER(D71),D71,"")) -> 162.71 | N71: =IF(AND(ISNUMBER(C71),C71>0),"Z_m",IF(ISNUMBER(D71),"MDT IDE 2,5 m","Sin cota")) -> MDT IDE 2,5 m | O71: =IF(AND(ISNUMBER(C71),C71>0,ISNUMBER(D71)),C71-D71,"")
A72: 589218 | B72: 6490746 | D72: 178.12 | E72: UK000072 | G72: La Aldea | H72: Tacuarembó | I72: 38.5 | K72: Privado | L72: TECNOAGUA | M72: =IF(AND(ISNUMBER(C72),C72>0),C72,IF(ISNUMBER(D72),D72,"")) -> 178.12 | N72: =IF(AND(ISNUMBER(C72),C72>0),"Z_m",IF(ISNUMBER(D72),"MDT IDE 2,5 m","Sin cota")) -> MDT IDE 2,5 m | O72: =IF(AND(ISNUMBER(C72),C72>0,ISNUMBER(D72)),C72-D72,"")
A73: 595750.13 | B73: 6494481.5 | C73: 164 | D73: 160.4 | E73: UK000073 | F73: SAGt-6 | G73: Paso de las Carretas | H73: Tacuarembó | I73: 18 | K73: Academia | L73: Tesis Paula Collazo | M73: =IF(AND(ISNUMBER(C73),C73>0),C73,IF(ISNUMBER(D73),D73,"")) -> 164 | N73: =IF(AND(ISNUMBER(C73),C73>0),"Z_m",IF(ISNUMBER(D73),"MDT IDE 2,5 m","Sin cota")) -> Z_m | O73: =IF(AND(ISNUMBER(C73),C73>0,ISNUMBER(D73)),C73-D73,"") -> 3.6
A74: 604080.85 | B74: 6496345.4 | D74: 137.32 | E74: UK000074 | G74: Paso del Manco | H74: Tacuarembó | I74: 45 | K74: Privado | L74: TECNOAGUA | M74: =IF(AND(ISNUMBER(C74),C74>0),C74,IF(ISNUMBER(D74),D74,"")) -> 137.32 | N74: =IF(AND(ISNUMBER(C74),C74>0),"Z_m",IF(ISNUMBER(D74),"MDT IDE 2,5 m","Sin cota")) -> MDT IDE 2,5 m | O74: =IF(AND(ISNUMBER(C74),C74>0,ISNUMBER(D74)),C74-D74,"")
A75: 601336 | B75: 6485016 | D75: 141.36 | E75: UK000075 | G75: Rincon de Tranqueras | H75: Tacuarembó | I75: 56 | K75: Privado | L75: TECNOAGUA | M75: =IF(AND(ISNUMBER(C75),C75>0),C75,IF(ISNUMBER(D75),D75,"")) -> 141.36 | N75: =IF(AND(ISNUMBER(C75),C75>0),"Z_m",IF(ISNUMBER(D75),"MDT IDE 2,5 m","Sin cota")) -> MDT IDE 2,5 m | O75: =IF(AND(ISNUMBER(C75),C75>0,ISNUMBER(D75)),C75-D75,"")
A76: 587612.85 | B76: 6493328.5 | D76: 158.18 | E76: UK000076 | F76: N°14 | G76: Zapara | H76: Tacuarembó | I76: 46 | K76: Academia | L76: Tesis M.Montano // Prenader | M76: =IF(AND(ISNUMBER(C76),C76>0),C76,IF(ISNUMBER(D76),D76,"")) -> 158.18 | N76: =IF(AND(ISNUMBER(C76),C76>0),"Z_m",IF(ISNUMBER(D76),"MDT IDE 2,5 m","Sin cota")) -> MDT IDE 2,5 m | O76: =IF(AND(ISNUMBER(C76),C76>0,ISNUMBER(D76)),C76-D76,"")
A77: 603113.36 | B77: 6486860.4 | D77: 127.16 | E77: UK000077 | G77: R. de Tranqueras | H77: Tacuarembó | I77: 53 | K77: Privado | L77: TECNOAGUA | M77: =IF(AND(ISNUMBER(C77),C77>0),C77,IF(ISNUMBER(D77),D77,"")) -> 127.16 | N77: =IF(AND(ISNUMBER(C77),C77>0),"Z_m",IF(ISNUMBER(D77),"MDT IDE 2,5 m","Sin cota")) -> MDT IDE 2,5 m | O77: =IF(AND(ISNUMBER(C77),C77>0,ISNUMBER(D77)),C77-D77,"")
A78: 599677.02 | B78: 6493449.9 | D78: 163.8 | E78: UK000078 | G78: B. Molles | H78: Tacuarembó | I78: 80 | K78: Privado | L78: TECNOAGUA | M78: =IF(AND(ISNUMBER(C78),C78>0),C78,IF(ISNUMBER(D78),D78,"")) -> 163.8 | N78: =IF(AND(ISNUMBER(C78),C78>0),"Z_m",IF(ISNUMBER(D78),"MDT IDE 2,5 m","Sin cota")) -> MDT IDE 2,5 m | O78: =IF(AND(ISNUMBER(C78),C78>0,ISNUMBER(D78)),C78-D78,"")
A79: 596378.81 | B79: 6481262.5 | D79: 131.33 | E79: UK000079 | G79: Bonilla | H79: Tacuarembó | I79: 44.5 | K79: Privado | L79: TECNOAGUA | M79: =IF(AND(ISNUMBER(C79),C79>0),C79,IF(ISNUMBER(D79),D79,"")) -> 131.33 | N79: =IF(AND(ISNUMBER(C79),C79>0),"Z_m",IF(ISNUMBER(D79),"MDT IDE 2,5 m","Sin cota")) -> MDT IDE 2,5 m | O79: =IF(AND(ISNUMBER(C79),C79>0,ISNUMBER(D79)),C79-D79,"")
A80: 598554 | B80: 6491945 | D80: 155.6 | E80: UK000080 | G80: Tacuarembó | H80: Tacuarembó | I80: 82 | K80: Privado | L80: TECNOAGUA | M80: =IF(AND(ISNUMBER(C80),C80>0),C80,IF(ISNUMBER(D80),D80,"")) -> 155.6 | N80: =IF(AND(ISNUMBER(C80),C80>0),"Z_m",IF(ISNUMBER(D80),"MDT IDE 2,5 m","Sin cota")) -> MDT IDE 2,5 m | O80: =IF(AND(ISNUMBER(C80),C80>0,ISNUMBER(D80)),C80-D80,"")
A81: 589573.06 | B81: 6489797.5 | D81: 182.07 | E81: UK000081 | F81: A 1420/1 | G81: La Aldea | H81: Tacuarembó | I81: 46 | K81: Dinamige | L81: DINAMIGE | M81: =IF(AND(ISNUMBER(C81),C81>0),C81,IF(ISNUMBER(D81),D81,"")) -> 182.07 | N81: =IF(AND(ISNUMBER(C81),C81>0),"Z_m",IF(ISNUMBER(D81),"MDT IDE 2,5 m","Sin cota")) -> MDT IDE 2,5 m | O81: =IF(AND(ISNUMBER(C81),C81>0,ISNUMBER(D81)),C81-D81,"")
A82: 590983.63 | B82: 6489039.8 | D82: 167.58 | E82: UK000082 | F82: A 1442 | G82: La Pedrera | H82: Tacuarembó | I82: 37.5 | K82: Dinamige | L82: DINAMIGE | M82: =IF(AND(ISNUMBER(C82),C82>0),C82,IF(ISNUMBER(D82),D82,"")) -> 167.58 | N82: =IF(AND(ISNUMBER(C82),C82>0),"Z_m",IF(ISNUMBER(D82),"MDT IDE 2,5 m","Sin cota")) -> MDT IDE 2,5 m | O82: =IF(AND(ISNUMBER(C82),C82>0,ISNUMBER(D82)),C82-D82,"")
A83: 603881.28 | B83: 6496222.6 | D83: 141.82 | E83: UK000083 | F83: A 1450 | G83: Paso del Manco | H83: Tacuarembó | I83: 35 | K83: Dinamige | L83: DINAMIGE | M83: =IF(AND(ISNUMBER(C83),C83>0),C83,IF(ISNUMBER(D83),D83,"")) -> 141.82 | N83: =IF(AND(ISNUMBER(C83),C83>0),"Z_m",IF(ISNUMBER(D83),"MDT IDE 2,5 m","Sin cota")) -> MDT IDE 2,5 m | O83: =IF(AND(ISNUMBER(C83),C83>0,ISNUMBER(D83)),C83-D83,"")
A84: 595101 | B84: 6490349 | D84: 138.15 | E84: UK000084 | G84: Tacuarembo | H84: Tacuarembó | I84: 46 | K84: Privado | L84: TECNOAGUA | M84: =IF(AND(ISNUMBER(C84),C84>0),C84,IF(ISNUMBER(D84),D84,"")) -> 138.15 | N84: =IF(AND(ISNUMBER(C84),C84>0),"Z_m",IF(ISNUMBER(D84),"MDT IDE 2,5 m","Sin cota")) -> MDT IDE 2,5 m | O84: =IF(AND(ISNUMBER(C84),C84>0,ISNUMBER(D84)),C84-D84,"")
A85: 595082.72 | B85: 6490352.5 | D85: 139.26 | E85: UK000085 | G85: Tacuarembo | H85: Tacuarembó | I85: 78 | K85: Privado | L85: TECNOAGUA | M85: =IF(AND(ISNUMBER(C85),C85>0),C85,IF(ISNUMBER(D85),D85,"")) -> 139.26 | N85: =IF(AND(ISNUMBER(C85),C85>0),"Z_m",IF(ISNUMBER(D85),"MDT IDE 2,5 m","Sin cota")) -> MDT IDE 2,5 m | O85: =IF(AND(ISNUMBER(C85),C85>0,ISNUMBER(D85)),C85-D85,"")
A86: 595083.05 | B86: 6490352.3 | D86: 139.26 | E86: UK000086 | G86: Tacuarembo | H86: Tacuarembó | I86: 55 | K86: Privado | L86: TECNOAGUA | M86: =IF(AND(ISNUMBER(C86),C86>0),C86,IF(ISNUMBER(D86),D86,"")) -> 139.26 | N86: =IF(AND(ISNUMBER(C86),C86>0),"Z_m",IF(ISNUMBER(D86),"MDT IDE 2,5 m","Sin cota")) -> MDT IDE 2,5 m | O86: =IF(AND(ISNUMBER(C86),C86>0,ISNUMBER(D86)),C86-D86,"")
A87: 594932 | B87: 6491563 | D87: 131.07 | E87: UK000087 | G87: Tacuarembo | H87: Tacuarembó | I87: 50 | K87: Privado | L87: TECNOAGUA | M87: =IF(AND(ISNUMBER(C87),C87>0),C87,IF(ISNUMBER(D87),D87,"")) -> 131.07 | N87: =IF(AND(ISNUMBER(C87),C87>0),"Z_m",IF(ISNUMBER(D87),"MDT IDE 2,5 m","Sin cota")) -> MDT IDE 2,5 m | O87: =IF(AND(ISNUMBER(C87),C87>0,ISNUMBER(D87)),C87-D87,"")
A88: 597381 | B88: 6494718 | D88: 142.34 | E88: UK000088 | G88: B. Ipora | H88: Tacuarembó | I88: 45 | K88: Privado | L88: TECNOAGUA | M88: =IF(AND(ISNUMBER(C88),C88>0),C88,IF(ISNUMBER(D88),D88,"")) -> 142.34 | N88: =IF(AND(ISNUMBER(C88),C88>0),"Z_m",IF(ISNUMBER(D88),"MDT IDE 2,5 m","Sin cota")) -> MDT IDE 2,5 m | O88: =IF(AND(ISNUMBER(C88),C88>0,ISNUMBER(D88)),C88-D88,"")
A89: 596670 | B89: 6490834 | D89: 134.8 | E89: UK000089 | F89: A 1378 | G89: Capital | H89: Tacuarembó | I89: 91.5 | K89: Dinamige | L89: DINAMIGE | M89: =IF(AND(ISNUMBER(C89),C89>0),C89,IF(ISNUMBER(D89),D89,"")) -> 134.8 | N89: =IF(AND(ISNUMBER(C89),C89>0),"Z_m",IF(ISNUMBER(D89),"MDT IDE 2,5 m","Sin cota")) -> MDT IDE 2,5 m | O89: =IF(AND(ISNUMBER(C89),C89>0,ISNUMBER(D89)),C89-D89,"")
A90: 599411 | B90: 6485194 | D90: 156.48 | E90: UK000090 | G90: Rincon de Tranqueras | H90: Tacuarembó | I90: 42 | K90: Privado | L90: TECNOAGUA | M90: =IF(AND(ISNUMBER(C90),C90>0),C90,IF(ISNUMBER(D90),D90,"")) -> 156.48 | N90: =IF(AND(ISNUMBER(C90),C90>0),"Z_m",IF(ISNUMBER(D90),"MDT IDE 2,5 m","Sin cota")) -> MDT IDE 2,5 m | O90: =IF(AND(ISNUMBER(C90),C90>0,ISNUMBER(D90)),C90-D90,"")
A91: 594868 | B91: 6490243 | D91: 133.99 | E91: UK000091 | G91: Tacuarembo | H91: Tacuarembó | I91: 56 | K91: Privado | L91: TECNOAGUA | M91: =IF(AND(ISNUMBER(C91),C91>0),C91,IF(ISNUMBER(D91),D91,"")) -> 133.99 | N91: =IF(AND(ISNUMBER(C91),C91>0),"Z_m",IF(ISNUMBER(D91),"MDT IDE 2,5 m","Sin cota")) -> MDT IDE 2,5 m | O91: =IF(AND(ISNUMBER(C91),C91>0,ISNUMBER(D91)),C91-D91,"")
A92: 602805 | B92: 6485451 | C92: 130 | D92: 127.07 | E92: UK000092 | F92: SAGt-45 | G92: Rincón de Tranqueras | H92: Tacuarembó | I92: 42 | K92: Academia | L92: Tesis Paula Collazo | M92: =IF(AND(ISNUMBER(C92),C92>0),C92,IF(ISNUMBER(D92),D92,"")) -> 130 | N92: =IF(AND(ISNUMBER(C92),C92>0),"Z_m",IF(ISNUMBER(D92),"MDT IDE 2,5 m","Sin cota")) -> Z_m | O92: =IF(AND(ISNUMBER(C92),C92>0,ISNUMBER(D92)),C92-D92,"") -> 2.93
A93: 541673 | B93: 6154615 | D93: 5.63 | E93: UK000807 | F93: 2023/36001/005102 | H93: San José | I93: 20 | K93: Dinagua | L93: Dinagua | M93: =IF(AND(ISNUMBER(C93),C93>0),C93,IF(ISNUMBER(D93),D93,"")) -> 5.63 | N93: =IF(AND(ISNUMBER(C93),C93>0),"Z_m",IF(ISNUMBER(D93),"MDT IDE 2,5 m","Sin cota")) -> MDT IDE 2,5 m | O93: =IF(AND(ISNUMBER(C93),C93>0,ISNUMBER(D93)),C93-D93,"")
A94: 595972 | B94: 6487323 | D94: 156.06 | E94: UK000094 | G94: Tacuarembo | H94: Tacuarembó | I94: 45 | K94: Privado | L94: TECNOAGUA | M94: =IF(AND(ISNUMBER(C94),C94>0),C94,IF(ISNUMBER(D94),D94,"")) -> 156.06 | N94: =IF(AND(ISNUMBER(C94),C94>0),"Z_m",IF(ISNUMBER(D94),"MDT IDE 2,5 m","Sin cota")) -> MDT IDE 2,5 m | O94: =IF(AND(ISNUMBER(C94),C94>0,ISNUMBER(D94)),C94-D94,"")
A95: 594769 | B95: 6490344 | D95: 133.52 | E95: UK000095 | G95: Tacuarembo | H95: Tacuarembó | I95: 48 | K95: Privado | L95: TECNOAGUA | M95: =IF(AND(ISNUMBER(C95),C95>0),C95,IF(ISNUMBER(D95),D95,"")) -> 133.52 | N95: =IF(AND(ISNUMBER(C95),C95>0),"Z_m",IF(ISNUMBER(D95),"MDT IDE 2,5 m","Sin cota")) -> MDT IDE 2,5 m | O95: =IF(AND(ISNUMBER(C95),C95>0,ISNUMBER(D95)),C95-D95,"")
A96: 595770 | B96: 6482042 | D96: 126.99 | E96: UK000096 | G96: Tacuarembo | H96: Tacuarembó | I96: 40 | K96: Privado | L96: TECNOAGUA | M96: =IF(AND(ISNUMBER(C96),C96>0),C96,IF(ISNUMBER(D96),D96,"")) -> 126.99 | N96: =IF(AND(ISNUMBER(C96),C96>0),"Z_m",IF(ISNUMBER(D96),"MDT IDE 2,5 m","Sin cota")) -> MDT IDE 2,5 m | O96: =IF(AND(ISNUMBER(C96),C96>0,ISNUMBER(D96)),C96-D96,"")
A97: 597022 | B97: 6489335 | D97: 141.88 | E97: UK000097 | G97: Tacuarembo | H97: Tacuarembó | I97: 50 | K97: Privado | L97: TECNOAGUA | M97: =IF(AND(ISNUMBER(C97),C97>0),C97,IF(ISNUMBER(D97),D97,"")) -> 141.88 | N97: =IF(AND(ISNUMBER(C97),C97>0),"Z_m",IF(ISNUMBER(D97),"MDT IDE 2,5 m","Sin cota")) -> MDT IDE 2,5 m | O97: =IF(AND(ISNUMBER(C97),C97>0,ISNUMBER(D97)),C97-D97,"")
A98: 594668 | B98: 6490245 | D98: 136.16 | E98: UK000098 | G98: Tacuarembo | H98: Tacuarembó | I98: 42 | K98: Privado | L98: TECNOAGUA | M98: =IF(AND(ISNUMBER(C98),C98>0),C98,IF(ISNUMBER(D98),D98,"")) -> 136.16 | N98: =IF(AND(ISNUMBER(C98),C98>0),"Z_m",IF(ISNUMBER(D98),"MDT IDE 2,5 m","Sin cota")) -> MDT IDE 2,5 m | O98: =IF(AND(ISNUMBER(C98),C98>0,ISNUMBER(D98)),C98-D98,"")
A99: 541365 | B99: 6154349 | D99: 5 | E99: UK000808 | F99: 2023/36001/005387 | H99: San José | I99: 18 | K99: Dinagua | L99: Dinagua | M99: =IF(AND(ISNUMBER(C99),C99>0),C99,IF(ISNUMBER(D99),D99,"")) -> 5 | N99: =IF(AND(ISNUMBER(C99),C99>0),"Z_m",IF(ISNUMBER(D99),"MDT IDE 2,5 m","Sin cota")) -> MDT IDE 2,5 m | O99: =IF(AND(ISNUMBER(C99),C99>0,ISNUMBER(D99)),C99-D99,"")
A100: 592062 | B100: 6492467 | D100: 153.09 | E100: UK000100 | G100: Tacuarembo | H100: Tacuarembó | I100: 50 | K100: Privado | L100: TECNOAGUA | M100: =IF(AND(ISNUMBER(C100),C100>0),C100,IF(ISNUMBER(D100),D100,"")) -> 153.09 | N100: =IF(AND(ISNUMBER(C100),C100>0),"Z_m",IF(ISNUMBER(D100),"MDT IDE 2,5 m","Sin cota")) -> MDT IDE 2,5 m | O100: =IF(AND(ISNUMBER(C100),C100>0,ISNUMBER(D100)),C100-D100,"")
...

Sheet Hidráulica
A1: Cod UK | B1: Caudal | C1: NE_m | D1: NE Acotado | E1: ND-m | F1: Fecha | G1: Año | H1: Fuente | I1: Observaciones
A2: UK000001 | B2: 4 | C2: 9.5 | E2: 20.2 | H2: MEVIR
A3: UK000002 | B3: 4 | C3: 23.5 | H3: Privado
A4: UK000003 | C4: 11 | H4: Privado
A5: UK000004 | H5: Privado
A6: UK000005 | B6: 1 | H6: Dinagua
A7: UK000006 | B7: 1 | C7: 20 | H7: Privado
A8: UK000007 | B8: 10 | C8: 28.5 | H8: Privado
A9: UK000008 | B9: 2 | C9: 18.2 | E9: 40 | H9: Dinamige
A10: UK000161 | B10: 1.5 | C10: 25 | H10: Privado
A11: UK000010 | B11: 4.8 | C11: 0.1 | E11: 3 | H11: Privado
A12: UK000011 | B12: 7.5 | C12: 24.4 | E12: 35.4 | H12: Dinamige
A13: UK000012 | B13: 0.36 | C13: 7 | D13: 137 | E13: 48 | H13: Dinamige
A14: UK000013 | B14: 2.5 | C14: 8.4 | E14: 20 | H14: Dinamige
A15: UK000014 | B15: 6 | C15: 9.3 | D15: 160.8 | H15: Academia
A16: UK000015 | B16: 1.9 | C16: 13.5 | E16: 84.75 | H16: Dinamige
A17: UK000016 | B17: 3 | C17: 16.5 | D17: 123.5 | H17: Academia
A18: UK000017 | B18: 3.8 | C18: 13 | E18: 27.4 | H18: Dinamige
A19: UK000018 | B19: 5.2 | C19: 5.2 | E19: 28 | H19: Dinamige
A20: UK000019 | B20: 6.6 | C20: 10.75 | E20: 18.2 | H20: Academia
A21: UK000019 | C21: 11.4 | D21: 130.6 | H21: Academia
A22: UK000020 | B22: 5.7 | C22: 12.05 | E22: 18 | H22: Dinamige
A23: UK001800 | B23: 3.8 | C23: 16.5 | D23: 123.5 | E23: 31.05 | H23: Dinagua
A24: UK000022 | B24: 3.3 | C24: 28 | E24: 46.6 | H24: Dinamige
A25: UK000023 | B25: 6 | C25: 9 | E25: 14 | H25: Privado
A26: UK000024 | B26: 0.8 | C26: 22.5 | H26: Privado
A27: UK000025 | B27: 1.8 | C27: 8.8 | D27: 151.2 | E27: 24 | H27: Academia
A28: UK000025 | C28: 9.16 | F28: 46105 | G28: 2026 | H28: Dinagua
A29: UK000026 | B29: 2.5 | C29: 14 | D29: 136 | E29: 24 | H29: Academia
A30: UK000027 | B30: 2.4 | C30: 13.58 | E30: 24.43 | H30: Privado
A31: UK000028 | B31: 7.2 | C31: 11.5 | E31: 19 | H31: Dinamige
A32: UK000029 | B32: 2.4 | C32: 16.72 | E32: 20.52 | H32: Dinagua
A33: UK000030 | B33: 5.2 | C33: 20.5 | E33: 38 | H33: Dinamige
A34: UK000031 | B34: 3.2 | C34: 13.5 | E34: 40 | H34: Dinamige
A35: UK000032 | B35: 3.2 | C35: 16 | E35: 40 | H35: Dinamige
A36: UK000033 | B36: 1.2 | C36: 18 | E36: 35 | H36: Dinamige
A37: UK000034 | B37: 3.3 | C37: 15 | E37: 40 | H37: Dinamige
A38: UK000035 | B38: 2 | H38: Dinamige
A39: UK000036 | B39: 0.6 | C39: 14 | E39: 27 | H39: Dinamige
A40: UK000037 | B40: 2.4 | C40: 23.2 | E40: 32 | H40: Dinamige
A41: UK000038 | B41: 5 | C41: 0 | E41: 18 | H41: Dinamige
A42: UK000039 | B42: 2.3 | C42: 15.7 | E42: 61.3 | H42: Dinamige
A43: UK000040 | B43: 4 | C43: 14.5 | E43: 52 | H43: Dinamige
A44: UK000040 | C44: 34.85 | F44: 46099 | G44: 2026 | H44: Dinagua
A45: UK000040 | C45: 16.34 | F45: 46106 | G45: 2026 | H45: Dinagua
A46: UK000041 | B46: 2 | C46: 5 | H46: Dinamige
A47: UK000042 | B47: 2.4 | C47: 11.24 | E47: 24 | H47: Dinamige
A48: UK000043 | B48: 7 | C48: 12 | H48: Privado
A49: UK000044 | B49: 5.1 | C49: 15 | E49: 21 | H49: Dinamige
A50: UK000045 | B50: 0 | C50: 49 | H50: Dinamige
A51: UK000046 | B51: 1 | C51: 5.5 | E51: 29 | H51: Dinagua
A52: UK000047 | B52: 2 | C52: 11 | E52: 26 | H52: Dinagua
A53: UK000048 | H53: OSE
A54: UK000049 | B54: 1 | C54: 13.8 | E54: 21.65 | H54: OSE
A55: UK000050 | B55: 2.5 | C55: 21.6 | E55: 30.5 | H55: OSE
A56: UK000051 | B56: 3 | C56: 0.4 | E56: 35.5 | H56: OSE
A57: UK000052 | B57: 0.4 | C57: 12.83 | E57: 29.43 | H57: OSE
A58: UK000053 | B58: 3.6 | C58: 45.2 | E58: 70.7 | H58: Academia
A59: UK000054 | B59: 5.6 | C59: 3.8 | E59: 17.5 | H59: Dinagua
A60: UK000055 | B60: 0.8 | C60: 9.71 | E60: 21.75 | H60: OSE
A61: UK000056 | B61: 1.5 | C61: 4.87 | E61: 26.7 | H61: OSE
A62: UK000057 | B62: 3.3 | C62: 10.37 | H62: Privado
A63: UK000058 | B63: 1 | C63: 11.2 | H63: Academia
A64: UK000059 | B64: 0.2 | C64: 4.5 | E64: 22 | H64: Dinamige
A65: UK000060 | B65: 1.2 | C65: 12 | E65: 34 | H65: Dinamige
A66: UK000061 | B66: 1.3 | C66: 13.6 | D66: 126.4 | H66: Academia
A67: UK000062 | B67: 1.2 | C67: 12 | E67: 30 | H67: Privado
A68: UK000063 | B68: 1.5 | C68: 6.4 | E68: 25.62 | H68: Academia
A69: UK000064 | B69: 1 | C69: 12.32 | E69: 30.1 | H69: Dinagua
A70: UK000065 | B70: 3.2 | C70: 13.7 | E70: 22.65 | H70: Dinamige
A71: UK000066 | B71: 1.2 | C71: 0.3 | H71: Dinamige
A72: UK000067 | B72: 1 | C72: 20 | H72: Privado
A73: UK000068 | B73: 5 | H73: Privado
A74: UK000069 | B74: 3 | C74: 3.2 | E74: 8.53 | H74: Academia
A75: UK000070 | B75: 1.7 | C75: 12 | E75: 21 | H75: Privado
A76: UK000071 | B76: 2.5 | C76: 12 | H76: Privado
A77: UK000072 | B77: 0 | C77: 15.45 | E77: 27.5 | H77: Privado
A78: UK000073 | B78: 1 | C78: 9.8 | H78: Academia
A79: UK000074 | B79: 4 | C79: 13 | H79: Privado
A80: UK000075 | B80: 1.8 | C80: 4 | H80: Privado
A81: UK000076 | B81: 1.4 | C81: 7.5 | E81: 27 | H81: Academia
A82: UK000077 | B82: 2 | C82: 10 | H82: Privado
A83: UK000078 | B83: 1 | C83: 17.3 | E83: 36.6 | H83: Privado
A84: UK000079 | B84: 1.2 | C84: 4.72 | E84: 18.16 | H84: Privado
A85: UK000080 | B85: 0.6 | C85: 22.28 | E85: 52 | H85: Privado
A86: UK000081 | B86: 1.9 | C86: 30.5 | E86: 32.4 | H86: Dinamige
A87: UK000082 | B87: 2.9 | C87: 24 | E87: 32 | H87: Dinamige
A88: UK000083 | B88: 2.4 | C88: 19.3 | E88: 27.63 | H88: Dinamige
A89: UK000074 | B89: 4 | C89: 6 | H89: Privado
A90: UK000084 | B90: 2.5 | C90: 4.4 | E90: 19.86 | H90: Privado
A91: UK000085 | B91: 2.2 | C91: 10.6 | E91: 42.95 | H91: Privado
A92: UK000086 | B92: 4.8 | C92: 3 | E92: 15.3 | H92: Privado
A93: UK000087 | B93: 1.5 | C93: 4.1 | E93: 25.52 | H93: Privado
A94: UK000088 | B94: 3 | C94: 6 | H94: Privado
A95: UK000089 | B95: 3.6 | C95: 11.8 | E95: 66.9 | H95: Dinamige
A96: UK000090 | B96: 1.5 | C96: 4.54 | E96: 24.95 | H96: Privado
A97: UK000091 | B97: 1.8 | C97: 2.46 | E97: 38.13 | H97: Privado
A98: UK000092 | B98: 0.8 | C98: 5 | E98: 25 | H98: Academia
A99: UK000093 | B99: 17.7 | C99: surgente | H99: Privado
A100: UK000094 | B100: 2 | C100: 13 | H100: Privado
...

Sheet Ubic. Napas_m
A1: Cod UK | B1: Inicio | C1: Fin | D1: Comentarios | E1: Fuente BD | F1: Z_boca (m) | G1: Inicio Acotado | H1: Fin Acotado
A2: UK000001 | E2: MEVIR - MATRIN | F2: =IFERROR(INDEX(Pozos!$M$2:$M$1852,MATCH(A2,Pozos!$E$2:$E$1852,0)),"") -> 160.6 | G2: =IF(AND(ISNUMBER(B2),ISNUMBER($F2)),$F2-B2,"") | H2: =IF(AND(ISNUMBER(C2),ISNUMBER($F2)),$F2-C2,"")
A3: UK000002 | E3: TECNOAGUA | F3: =IFERROR(INDEX(Pozos!$M$2:$M$1852,MATCH(A3,Pozos!$E$2:$E$1852,0)),"") -> 180.73 | G3: =IF(AND(ISNUMBER(B3),ISNUMBER($F3)),$F3-B3,"") | H3: =IF(AND(ISNUMBER(C3),ISNUMBER($F3)),$F3-C3,"")
A4: UK000003 | E4: DINAMIGE PRIVADOS | F4: =IFERROR(INDEX(Pozos!$M$2:$M$1852,MATCH(A4,Pozos!$E$2:$E$1852,0)),"") -> 249.57 | G4: =IF(AND(ISNUMBER(B4),ISNUMBER($F4)),$F4-B4,"") | H4: =IF(AND(ISNUMBER(C4),ISNUMBER($F4)),$F4-C4,"")
A5: UK000004 | E5: DINAMIGE PRIVADOS | F5: =IFERROR(INDEX(Pozos!$M$2:$M$1852,MATCH(A5,Pozos!$E$2:$E$1852,0)),"") -> 254.03 | G5: =IF(AND(ISNUMBER(B5),ISNUMBER($F5)),$F5-B5,"") | H5: =IF(AND(ISNUMBER(C5),ISNUMBER($F5)),$F5-C5,"")
A6: UK000005 | E6: DJ DINAGUA | F6: =IFERROR(INDEX(Pozos!$M$2:$M$1852,MATCH(A6,Pozos!$E$2:$E$1852,0)),"") -> 133.52 | G6: =IF(AND(ISNUMBER(B6),ISNUMBER($F6)),$F6-B6,"") | H6: =IF(AND(ISNUMBER(C6),ISNUMBER($F6)),$F6-C6,"")
A7: UK000006 | E7: Tecnoagua | F7: =IFERROR(INDEX(Pozos!$M$2:$M$1852,MATCH(A7,Pozos!$E$2:$E$1852,0)),"") -> 158.71 | G7: =IF(AND(ISNUMBER(B7),ISNUMBER($F7)),$F7-B7,"") | H7: =IF(AND(ISNUMBER(C7),ISNUMBER($F7)),$F7-C7,"")
A8: UK000007 | E8: TECNOAGUA | F8: =IFERROR(INDEX(Pozos!$M$2:$M$1852,MATCH(A8,Pozos!$E$2:$E$1852,0)),"") -> 195.12 | G8: =IF(AND(ISNUMBER(B8),ISNUMBER($F8)),$F8-B8,"") | H8: =IF(AND(ISNUMBER(C8),ISNUMBER($F8)),$F8-C8,"")
A9: UK000008 | E9: DINAMIGE FORMACION TACUAREMBO | F9: =IFERROR(INDEX(Pozos!$M$2:$M$1852,MATCH(A9,Pozos!$E$2:$E$1852,0)),"") -> 154.78 | G9: =IF(AND(ISNUMBER(B9),ISNUMBER($F9)),$F9-B9,"") | H9: =IF(AND(ISNUMBER(C9),ISNUMBER($F9)),$F9-C9,"")
A10: UK000161 | E10: TECNOAGUA | F10: =IFERROR(INDEX(Pozos!$M$2:$M$1852,MATCH(A10,Pozos!$E$2:$E$1852,0)),"") -> 164.7 | G10: =IF(AND(ISNUMBER(B10),ISNUMBER($F10)),$F10-B10,"") | H10: =IF(AND(ISNUMBER(C10),ISNUMBER($F10)),$F10-C10,"")
A11: UK000010 | E11: TECNOAGUA | F11: =IFERROR(INDEX(Pozos!$M$2:$M$1852,MATCH(A11,Pozos!$E$2:$E$1852,0)),"") -> 176.92 | G11: =IF(AND(ISNUMBER(B11),ISNUMBER($F11)),$F11-B11,"") | H11: =IF(AND(ISNUMBER(C11),ISNUMBER($F11)),$F11-C11,"")
A12: UK000011 | E12: DINAMIGE FORMACION TACUAREMBO | F12: =IFERROR(INDEX(Pozos!$M$2:$M$1852,MATCH(A12,Pozos!$E$2:$E$1852,0)),"") -> 162.68 | G12: =IF(AND(ISNUMBER(B12),ISNUMBER($F12)),$F12-B12,"") | H12: =IF(AND(ISNUMBER(C12),ISNUMBER($F12)),$F12-C12,"")
A13: UK000012 | B13: 33 | C13: 36.4 | E13: DINAMIGE FORMACION TACUAREMBO | F13: =IFERROR(INDEX(Pozos!$M$2:$M$1852,MATCH(A13,Pozos!$E$2:$E$1852,0)),"") -> 147.1 | G13: =IF(AND(ISNUMBER(B13),ISNUMBER($F13)),$F13-B13,"") -> 114.1 | H13: =IF(AND(ISNUMBER(C13),ISNUMBER($F13)),$F13-C13,"") -> 110.7
A14: UK000013 | B14: 15.5 | D14: no se sabe si el dato es de incio o fin | E14: DINAMIGE FORMACION TACUAREMBO | F14: =IFERROR(INDEX(Pozos!$M$2:$M$1852,MATCH(A14,Pozos!$E$2:$E$1852,0)),"") -> 135.04 | G14: =IF(AND(ISNUMBER(B14),ISNUMBER($F14)),$F14-B14,"") -> 119.54 | H14: =IF(AND(ISNUMBER(C14),ISNUMBER($F14)),$F14-C14,"")
A15: UK000014 | E15: Tesis Paula Collazo | F15: =IFERROR(INDEX(Pozos!$M$2:$M$1852,MATCH(A15,Pozos!$E$2:$E$1852,0)),"") -> 170 | G15: =IF(AND(ISNUMBER(B15),ISNUMBER($F15)),$F15-B15,"") | H15: =IF(AND(ISNUMBER(C15),ISNUMBER($F15)),$F15-C15,"")
A16: UK000015 | B16: 105 | C16: 33.5 | E16: DINAMIGE FORMACION TACUAREMBO | F16: =IFERROR(INDEX(Pozos!$M$2:$M$1852,MATCH(A16,Pozos!$E$2:$E$1852,0)),"") -> 145.15 | G16: =IF(AND(ISNUMBER(B16),ISNUMBER($F16)),$F16-B16,"") -> 40.15 | H16: =IF(AND(ISNUMBER(C16),ISNUMBER($F16)),$F16-C16,"") -> 111.65
A17: UK000016 | E17: DINAMIGE // Tesis Paula Collazo | F17: =IFERROR(INDEX(Pozos!$M$2:$M$1852,MATCH(A17,Pozos!$E$2:$E$1852,0)),"") -> 140 | G17: =IF(AND(ISNUMBER(B17),ISNUMBER($F17)),$F17-B17,"") | H17: =IF(AND(ISNUMBER(C17),ISNUMBER($F17)),$F17-C17,"")
A18: UK000017 | E18: DINAMIGE FORMACION TACUAREMBO | F18: =IFERROR(INDEX(Pozos!$M$2:$M$1852,MATCH(A18,Pozos!$E$2:$E$1852,0)),"") -> 156.66 | G18: =IF(AND(ISNUMBER(B18),ISNUMBER($F18)),$F18-B18,"") | H18: =IF(AND(ISNUMBER(C18),ISNUMBER($F18)),$F18-C18,"")
A19: UK000018 | E19: DINAMIGE FORMACION TACUAREMBO | F19: =IFERROR(INDEX(Pozos!$M$2:$M$1852,MATCH(A19,Pozos!$E$2:$E$1852,0)),"") -> 176.9 | G19: =IF(AND(ISNUMBER(B19),ISNUMBER($F19)),$F19-B19,"") | H19: =IF(AND(ISNUMBER(C19),ISNUMBER($F19)),$F19-C19,"")
A20: UK000019 | B20: 26 | D20: no se sabe si el dato es de incio o fin | E20: DINAMIGE FORMACION TACUAREMBO // Tesis Paula Collazo | F20: =IFERROR(INDEX(Pozos!$M$2:$M$1852,MATCH(A20,Pozos!$E$2:$E$1852,0)),"") -> 142 | G20: =IF(AND(ISNUMBER(B20),ISNUMBER($F20)),$F20-B20,"") -> 116 | H20: =IF(AND(ISNUMBER(C20),ISNUMBER($F20)),$F20-C20,"")
A21: UK000020 | B21: 20 | C21: 23 | E21: DINAMIGE FORMACION TACUAREMBO | F21: =IFERROR(INDEX(Pozos!$M$2:$M$1852,MATCH(A21,Pozos!$E$2:$E$1852,0)),"") -> 181.78 | G21: =IF(AND(ISNUMBER(B21),ISNUMBER($F21)),$F21-B21,"") -> 161.78 | H21: =IF(AND(ISNUMBER(C21),ISNUMBER($F21)),$F21-C21,"") -> 158.78
A22: UK001800 | E22: REGISTRADOS EN DINAGUA | F22: =IFERROR(INDEX(Pozos!$M$2:$M$1852,MATCH(A22,Pozos!$E$2:$E$1852,0)),"") -> 174.99 | G22: =IF(AND(ISNUMBER(B22),ISNUMBER($F22)),$F22-B22,"") | H22: =IF(AND(ISNUMBER(C22),ISNUMBER($F22)),$F22-C22,"")
A23: UK000022 | B23: 47 | C23: 49.5 | E23: DINAMIGE FORMACION TACUAREMBO | F23: =IFERROR(INDEX(Pozos!$M$2:$M$1852,MATCH(A23,Pozos!$E$2:$E$1852,0)),"") -> 211.8 | G23: =IF(AND(ISNUMBER(B23),ISNUMBER($F23)),$F23-B23,"") -> 164.8 | H23: =IF(AND(ISNUMBER(C23),ISNUMBER($F23)),$F23-C23,"") -> 162.3
A24: UK000023 | E24: MEVIR - MATRIN | F24: =IFERROR(INDEX(Pozos!$M$2:$M$1852,MATCH(A24,Pozos!$E$2:$E$1852,0)),"") -> 169.11 | G24: =IF(AND(ISNUMBER(B24),ISNUMBER($F24)),$F24-B24,"") | H24: =IF(AND(ISNUMBER(C24),ISNUMBER($F24)),$F24-C24,"")
A25: UK000024 | B25: 35 | C25: 36 | E25: TECNOAGUA | F25: =IFERROR(INDEX(Pozos!$M$2:$M$1852,MATCH(A25,Pozos!$E$2:$E$1852,0)),"") -> 165.23 | G25: =IF(AND(ISNUMBER(B25),ISNUMBER($F25)),$F25-B25,"") -> 130.23 | H25: =IF(AND(ISNUMBER(C25),ISNUMBER($F25)),$F25-C25,"") -> 129.23
A26: UK000024 | B26: 46 | C26: 47 | E26: TECNOAGUA | F26: =IFERROR(INDEX(Pozos!$M$2:$M$1852,MATCH(A26,Pozos!$E$2:$E$1852,0)),"") -> 165.23 | G26: =IF(AND(ISNUMBER(B26),ISNUMBER($F26)),$F26-B26,"") -> 119.23 | H26: =IF(AND(ISNUMBER(C26),ISNUMBER($F26)),$F26-C26,"") -> 118.23
A27: UK000025 | E27: Tesis Paula Collazo | F27: =IFERROR(INDEX(Pozos!$M$2:$M$1852,MATCH(A27,Pozos!$E$2:$E$1852,0)),"") -> 160 | G27: =IF(AND(ISNUMBER(B27),ISNUMBER($F27)),$F27-B27,"") | H27: =IF(AND(ISNUMBER(C27),ISNUMBER($F27)),$F27-C27,"")
A28: UK000026 | E28: Tesis Paula Collazo | F28: =IFERROR(INDEX(Pozos!$M$2:$M$1852,MATCH(A28,Pozos!$E$2:$E$1852,0)),"") -> 150 | G28: =IF(AND(ISNUMBER(B28),ISNUMBER($F28)),$F28-B28,"") | H28: =IF(AND(ISNUMBER(C28),ISNUMBER($F28)),$F28-C28,"")
A29: UK000027 | E29: TECNOAGUA | F29: =IFERROR(INDEX(Pozos!$M$2:$M$1852,MATCH(A29,Pozos!$E$2:$E$1852,0)),"") -> 186.94 | G29: =IF(AND(ISNUMBER(B29),ISNUMBER($F29)),$F29-B29,"") | H29: =IF(AND(ISNUMBER(C29),ISNUMBER($F29)),$F29-C29,"")
A30: UK000028 | B30: 1.4 | C30: 13.2 | E30: DINAMIGE FORMACION TACUAREMBO | F30: =IFERROR(INDEX(Pozos!$M$2:$M$1852,MATCH(A30,Pozos!$E$2:$E$1852,0)),"") -> 179.16 | G30: =IF(AND(ISNUMBER(B30),ISNUMBER($F30)),$F30-B30,"") -> 177.76 | H30: =IF(AND(ISNUMBER(C30),ISNUMBER($F30)),$F30-C30,"") -> 165.96
A31: UK000029 | B31: 19 | C31: 20 | E31: DJ DINAGUA | F31: =IFERROR(INDEX(Pozos!$M$2:$M$1852,MATCH(A31,Pozos!$E$2:$E$1852,0)),"") -> 170.35 | G31: =IF(AND(ISNUMBER(B31),ISNUMBER($F31)),$F31-B31,"") -> 151.35 | H31: =IF(AND(ISNUMBER(C31),ISNUMBER($F31)),$F31-C31,"") -> 150.35
A32: UK000029 | B32: 36 | C32: 37 | E32: DJ DINAGUA | F32: =IFERROR(INDEX(Pozos!$M$2:$M$1852,MATCH(A32,Pozos!$E$2:$E$1852,0)),"") -> 170.35 | G32: =IF(AND(ISNUMBER(B32),ISNUMBER($F32)),$F32-B32,"") -> 134.35 | H32: =IF(AND(ISNUMBER(C32),ISNUMBER($F32)),$F32-C32,"") -> 133.35
A33: UK000030 | B33: 44 | D33: no se sabe si el dato es de incio o fin | E33: DINAMIGE FORMACION TACUAREMBO | F33: =IFERROR(INDEX(Pozos!$M$2:$M$1852,MATCH(A33,Pozos!$E$2:$E$1852,0)),"") -> 190.17 | G33: =IF(AND(ISNUMBER(B33),ISNUMBER($F33)),$F33-B33,"") -> 146.17 | H33: =IF(AND(ISNUMBER(C33),ISNUMBER($F33)),$F33-C33,"")
A34: UK000031 | B34: 19 | D34: no se sabe si el dato es de incio o fin | E34: DINAMIGE FORMACION TACUAREMBO | F34: =IFERROR(INDEX(Pozos!$M$2:$M$1852,MATCH(A34,Pozos!$E$2:$E$1852,0)),"") -> 159.07 | G34: =IF(AND(ISNUMBER(B34),ISNUMBER($F34)),$F34-B34,"") -> 140.07 | H34: =IF(AND(ISNUMBER(C34),ISNUMBER($F34)),$F34-C34,"")
A35: UK000032 | B35: 19.39 | D35: no se sabe si el dato es de incio o fin | E35: DINAMIGE FORMACION TACUAREMBO | F35: =IFERROR(INDEX(Pozos!$M$2:$M$1852,MATCH(A35,Pozos!$E$2:$E$1852,0)),"") -> 166.46 | G35: =IF(AND(ISNUMBER(B35),ISNUMBER($F35)),$F35-B35,"") -> 147.07 | H35: =IF(AND(ISNUMBER(C35),ISNUMBER($F35)),$F35-C35,"")
A36: UK000033 | B36: 38 | D36: no se sabe si el dato es de incio o fin | E36: DINAMIGE FORMACION TACUAREMBO | F36: =IFERROR(INDEX(Pozos!$M$2:$M$1852,MATCH(A36,Pozos!$E$2:$E$1852,0)),"") -> 167.59 | G36: =IF(AND(ISNUMBER(B36),ISNUMBER($F36)),$F36-B36,"") -> 129.59 | H36: =IF(AND(ISNUMBER(C36),ISNUMBER($F36)),$F36-C36,"")
A37: UK000034 | B37: 44 | D37: no se sabe si el dato es de incio o fin | E37: DINAMIGE FORMACION TACUAREMBO | F37: =IFERROR(INDEX(Pozos!$M$2:$M$1852,MATCH(A37,Pozos!$E$2:$E$1852,0)),"") -> 157.58 | G37: =IF(AND(ISNUMBER(B37),ISNUMBER($F37)),$F37-B37,"") -> 113.58 | H37: =IF(AND(ISNUMBER(C37),ISNUMBER($F37)),$F37-C37,"")
A38: UK000035 | B38: 40 | D38: no se sabe si el dato es de incio o fin | E38: DINAMIGE FORMACION TACUAREMBO | F38: =IFERROR(INDEX(Pozos!$M$2:$M$1852,MATCH(A38,Pozos!$E$2:$E$1852,0)),"") -> 157.01 | G38: =IF(AND(ISNUMBER(B38),ISNUMBER($F38)),$F38-B38,"") -> 117.01 | H38: =IF(AND(ISNUMBER(C38),ISNUMBER($F38)),$F38-C38,"")
A39: UK000036 | B39: 25 | C39: 27 | E39: DINAMIGE FORMACION TACUAREMBO | F39: =IFERROR(INDEX(Pozos!$M$2:$M$1852,MATCH(A39,Pozos!$E$2:$E$1852,0)),"") -> 193.36 | G39: =IF(AND(ISNUMBER(B39),ISNUMBER($F39)),$F39-B39,"") -> 168.36 | H39: =IF(AND(ISNUMBER(C39),ISNUMBER($F39)),$F39-C39,"") -> 166.36
A40: UK000037 | B40: 27 | C40: 30 | E40: DINAMIGE FORMACION TACUAREMBO | F40: =IFERROR(INDEX(Pozos!$M$2:$M$1852,MATCH(A40,Pozos!$E$2:$E$1852,0)),"") -> 164.17 | G40: =IF(AND(ISNUMBER(B40),ISNUMBER($F40)),$F40-B40,"") -> 137.17 | H40: =IF(AND(ISNUMBER(C40),ISNUMBER($F40)),$F40-C40,"") -> 134.17
A41: UK000038 | E41: DINAMIGE FORMACION TACUAREMBO | F41: =IFERROR(INDEX(Pozos!$M$2:$M$1852,MATCH(A41,Pozos!$E$2:$E$1852,0)),"") -> 162.58 | G41: =IF(AND(ISNUMBER(B41),ISNUMBER($F41)),$F41-B41,"") | H41: =IF(AND(ISNUMBER(C41),ISNUMBER($F41)),$F41-C41,"")
A42: UK000039 | E42: DINAMIGE FORMACION TACUAREMBO | F42: =IFERROR(INDEX(Pozos!$M$2:$M$1852,MATCH(A42,Pozos!$E$2:$E$1852,0)),"") -> 146.85 | G42: =IF(AND(ISNUMBER(B42),ISNUMBER($F42)),$F42-B42,"") | H42: =IF(AND(ISNUMBER(C42),ISNUMBER($F42)),$F42-C42,"")
A43: UK000040 | E43: DINAMIGE FORMACION TACUAREMBO | F43: =IFERROR(INDEX(Pozos!$M$2:$M$1852,MATCH(A43,Pozos!$E$2:$E$1852,0)),"") -> 146.45 | G43: =IF(AND(ISNUMBER(B43),ISNUMBER($F43)),$F43-B43,"") | H43: =IF(AND(ISNUMBER(C43),ISNUMBER($F43)),$F43-C43,"")
A44: UK000041 | E44: PRENADER TACUAREMBO | F44: =IFERROR(INDEX(Pozos!$M$2:$M$1852,MATCH(A44,Pozos!$E$2:$E$1852,0)),"") -> 268.37 | G44: =IF(AND(ISNUMBER(B44),ISNUMBER($F44)),$F44-B44,"") | H44: =IF(AND(ISNUMBER(C44),ISNUMBER($F44)),$F44-C44,"")
A45: UK000042 | B45: 28.6 | D45: no se sabe si el dato es de incio o fin | E45: DINAMIGE FORMACION TACUAREMBO | F45: =IFERROR(INDEX(Pozos!$M$2:$M$1852,MATCH(A45,Pozos!$E$2:$E$1852,0)),"") -> 193.48 | G45: =IF(AND(ISNUMBER(B45),ISNUMBER($F45)),$F45-B45,"") -> 164.88 | H45: =IF(AND(ISNUMBER(C45),ISNUMBER($F45)),$F45-C45,"")
A46: UK000043 | B46: 19 | C46: 20 | E46: TECNOAGUA | F46: =IFERROR(INDEX(Pozos!$M$2:$M$1852,MATCH(A46,Pozos!$E$2:$E$1852,0)),"") -> 174.55 | G46: =IF(AND(ISNUMBER(B46),ISNUMBER($F46)),$F46-B46,"") -> 155.55 | H46: =IF(AND(ISNUMBER(C46),ISNUMBER($F46)),$F46-C46,"") -> 154.55
A47: UK000043 | B47: 29 | C47: 30 | E47: TECNOAGUA | F47: =IFERROR(INDEX(Pozos!$M$2:$M$1852,MATCH(A47,Pozos!$E$2:$E$1852,0)),"") -> 174.55 | G47: =IF(AND(ISNUMBER(B47),ISNUMBER($F47)),$F47-B47,"") -> 145.55 | H47: =IF(AND(ISNUMBER(C47),ISNUMBER($F47)),$F47-C47,"") -> 144.55
A48: UK000043 | B48: 40 | C48: 41 | E48: TECNOAGUA | F48: =IFERROR(INDEX(Pozos!$M$2:$M$1852,MATCH(A48,Pozos!$E$2:$E$1852,0)),"") -> 174.55 | G48: =IF(AND(ISNUMBER(B48),ISNUMBER($F48)),$F48-B48,"") -> 134.55 | H48: =IF(AND(ISNUMBER(C48),ISNUMBER($F48)),$F48-C48,"") -> 133.55
A49: UK000044 | E49: PRENADER TACUAREMBO | F49: =IFERROR(INDEX(Pozos!$M$2:$M$1852,MATCH(A49,Pozos!$E$2:$E$1852,0)),"") -> 155.77 | G49: =IF(AND(ISNUMBER(B49),ISNUMBER($F49)),$F49-B49,"") | H49: =IF(AND(ISNUMBER(C49),ISNUMBER($F49)),$F49-C49,"")
A50: UK000045 | E50: DINAMIGE PRIVADOS | F50: =IFERROR(INDEX(Pozos!$M$2:$M$1852,MATCH(A50,Pozos!$E$2:$E$1852,0)),"") -> 196.85 | G50: =IF(AND(ISNUMBER(B50),ISNUMBER($F50)),$F50-B50,"") | H50: =IF(AND(ISNUMBER(C50),ISNUMBER($F50)),$F50-C50,"")
A51: UK000046 | B51: 13 | E51: TECNOAGUA // DJ DINAGUA | F51: =IFERROR(INDEX(Pozos!$M$2:$M$1852,MATCH(A51,Pozos!$E$2:$E$1852,0)),"") -> 153.33 | G51: =IF(AND(ISNUMBER(B51),ISNUMBER($F51)),$F51-B51,"") -> 140.33 | H51: =IF(AND(ISNUMBER(C51),ISNUMBER($F51)),$F51-C51,"")
A52: UK000046 | B52: 27 | E52: TECNOAGUA // DJ DINAGUA | F52: =IFERROR(INDEX(Pozos!$M$2:$M$1852,MATCH(A52,Pozos!$E$2:$E$1852,0)),"") -> 153.33 | G52: =IF(AND(ISNUMBER(B52),ISNUMBER($F52)),$F52-B52,"") -> 126.33 | H52: =IF(AND(ISNUMBER(C52),ISNUMBER($F52)),$F52-C52,"")
A53: UK000046 | B53: 36 | E53: TECNOAGUA // DJ DINAGUA | F53: =IFERROR(INDEX(Pozos!$M$2:$M$1852,MATCH(A53,Pozos!$E$2:$E$1852,0)),"") -> 153.33 | G53: =IF(AND(ISNUMBER(B53),ISNUMBER($F53)),$F53-B53,"") -> 117.33 | H53: =IF(AND(ISNUMBER(C53),ISNUMBER($F53)),$F53-C53,"")
A54: UK000047 | E54: DJ DINAGUA | F54: =IFERROR(INDEX(Pozos!$M$2:$M$1852,MATCH(A54,Pozos!$E$2:$E$1852,0)),"") -> 159.45 | G54: =IF(AND(ISNUMBER(B54),ISNUMBER($F54)),$F54-B54,"") | H54: =IF(AND(ISNUMBER(C54),ISNUMBER($F54)),$F54-C54,"")
A55: UK000048 | E55: OSE | F55: =IFERROR(INDEX(Pozos!$M$2:$M$1852,MATCH(A55,Pozos!$E$2:$E$1852,0)),"") -> 335.19 | G55: =IF(AND(ISNUMBER(B55),ISNUMBER($F55)),$F55-B55,"") | H55: =IF(AND(ISNUMBER(C55),ISNUMBER($F55)),$F55-C55,"")
A56: UK000049 | E56: OSE | F56: =IFERROR(INDEX(Pozos!$M$2:$M$1852,MATCH(A56,Pozos!$E$2:$E$1852,0)),"") -> 162.65 | G56: =IF(AND(ISNUMBER(B56),ISNUMBER($F56)),$F56-B56,"") | H56: =IF(AND(ISNUMBER(C56),ISNUMBER($F56)),$F56-C56,"")
A57: UK000050 | E57: OSE | F57: =IFERROR(INDEX(Pozos!$M$2:$M$1852,MATCH(A57,Pozos!$E$2:$E$1852,0)),"") -> 145.15 | G57: =IF(AND(ISNUMBER(B57),ISNUMBER($F57)),$F57-B57,"") | H57: =IF(AND(ISNUMBER(C57),ISNUMBER($F57)),$F57-C57,"")
A58: UK000051 | E58: OSE | F58: =IFERROR(INDEX(Pozos!$M$2:$M$1852,MATCH(A58,Pozos!$E$2:$E$1852,0)),"") -> 133.86 | G58: =IF(AND(ISNUMBER(B58),ISNUMBER($F58)),$F58-B58,"") | H58: =IF(AND(ISNUMBER(C58),ISNUMBER($F58)),$F58-C58,"")
A59: UK000052 | E59: OSE | F59: =IFERROR(INDEX(Pozos!$M$2:$M$1852,MATCH(A59,Pozos!$E$2:$E$1852,0)),"") -> 133.36 | G59: =IF(AND(ISNUMBER(B59),ISNUMBER($F59)),$F59-B59,"") | H59: =IF(AND(ISNUMBER(C59),ISNUMBER($F59)),$F59-C59,"")
A60: UK000053 | E60: OSE // Tesis Paula Collazo | F60: =IFERROR(INDEX(Pozos!$M$2:$M$1852,MATCH(A60,Pozos!$E$2:$E$1852,0)),"") -> 192.95 | G60: =IF(AND(ISNUMBER(B60),ISNUMBER($F60)),$F60-B60,"") | H60: =IF(AND(ISNUMBER(C60),ISNUMBER($F60)),$F60-C60,"")
A61: UK000054 | E61: OSE // DJ DINAGUA | F61: =IFERROR(INDEX(Pozos!$M$2:$M$1852,MATCH(A61,Pozos!$E$2:$E$1852,0)),"") -> 164.94 | G61: =IF(AND(ISNUMBER(B61),ISNUMBER($F61)),$F61-B61,"") | H61: =IF(AND(ISNUMBER(C61),ISNUMBER($F61)),$F61-C61,"")
A62: UK000055 | E62: OSE | F62: =IFERROR(INDEX(Pozos!$M$2:$M$1852,MATCH(A62,Pozos!$E$2:$E$1852,0)),"") -> 133.47 | G62: =IF(AND(ISNUMBER(B62),ISNUMBER($F62)),$F62-B62,"") | H62: =IF(AND(ISNUMBER(C62),ISNUMBER($F62)),$F62-C62,"")
A63: UK000056 | E63: OSE | F63: =IFERROR(INDEX(Pozos!$M$2:$M$1852,MATCH(A63,Pozos!$E$2:$E$1852,0)),"") -> 134.91 | G63: =IF(AND(ISNUMBER(B63),ISNUMBER($F63)),$F63-B63,"") | H63: =IF(AND(ISNUMBER(C63),ISNUMBER($F63)),$F63-C63,"")
A64: UK000057 | E64: TECNOAGUA | F64: =IFERROR(INDEX(Pozos!$M$2:$M$1852,MATCH(A64,Pozos!$E$2:$E$1852,0)),"") -> 199.33 | G64: =IF(AND(ISNUMBER(B64),ISNUMBER($F64)),$F64-B64,"") | H64: =IF(AND(ISNUMBER(C64),ISNUMBER($F64)),$F64-C64,"")
A65: UK000058 | E65: Tesis Paula Collazo | F65: =IFERROR(INDEX(Pozos!$M$2:$M$1852,MATCH(A65,Pozos!$E$2:$E$1852,0)),"") -> 180 | G65: =IF(AND(ISNUMBER(B65),ISNUMBER($F65)),$F65-B65,"") | H65: =IF(AND(ISNUMBER(C65),ISNUMBER($F65)),$F65-C65,"")
... A75: UK000068 | E75: TECNOAGUA | F75: =IFERROR(INDEX(Pozos!$M$2:$M$1852,MATCH(A75,Pozos!$E$2:$E$1852,0)),"") -> 173.33 | G75: =IF(AND(ISNUMBER(B75),ISNUMBER($F75)),$F75-B75,"") | H75: =IF(AND(ISNUMBER(C75),ISNUMBER($F75)),$F75-C75,"")
A76: UK000069 | B76: 10 | C76: 42 | E76: TRABAJO FINAL L.P | F76: =IFERROR(INDEX(Pozos!$M$2:$M$1852,MATCH(A76,Pozos!$E$2:$E$1852,0)),"") -> 215.54 | G76: =IF(AND(ISNUMBER(B76),ISNUMBER($F76)),$F76-B76,"") -> 205.54 | H76: =IF(AND(ISNUMBER(C76),ISNUMBER($F76)),$F76-C76,"") -> 173.54
A77: UK000070 | E77: TECNOAGUA | F77: =IFERROR(INDEX(Pozos!$M$2:$M$1852,MATCH(A77,Pozos!$E$2:$E$1852,0)),"") -> 162.41 | G77: =IF(AND(ISNUMBER(B77),ISNUMBER($F77)),$F77-B77,"") | H77: =IF(AND(ISNUMBER(C77),ISNUMBER($F77)),$F77-C77,"")
A78: UK000071 | E78: TECNOAGUA | F78: =IFERROR(INDEX(Pozos!$M$2:$M$1852,MATCH(A78,Pozos!$E$2:$E$1852,0)),"") -> 162.71 | G78: =IF(AND(ISNUMBER(B78),ISNUMBER($F78)),$F78-B78,"") | H78: =IF(AND(ISNUMBER(C78),ISNUMBER($F78)),$F78-C78,"")
A79: UK000072 | E79: TECNOAGUA | F79: =IFERROR(INDEX(Pozos!$M$2:$M$1852,MATCH(A79,Pozos!$E$2:$E$1852,0)),"") -> 178.12 | G79: =IF(AND(ISNUMBER(B79),ISNUMBER($F79)),$F79-B79,"") | H79: =IF(AND(ISNUMBER(C79),ISNUMBER($F79)),$F79-C79,"")
A80: UK000073 | E80: Tesis Paula Collazo | F80: =IFERROR(INDEX(Pozos!$M$2:$M$1852,MATCH(A80,Pozos!$E$2:$E$1852,0)),"") -> 164 | G80: =IF(AND(ISNUMBER(B80),ISNUMBER($F80)),$F80-B80,"") | H80: =IF(AND(ISNUMBER(C80),ISNUMBER($F80)),$F80-C80,"")
A81: UK000074 | E81: TECNOAGUA | F81: =IFERROR(INDEX(Pozos!$M$2:$M$1852,MATCH(A81,Pozos!$E$2:$E$1852,0)),"") -> 137.32 | G81: =IF(AND(ISNUMBER(B81),ISNUMBER($F81)),$F81-B81,"") | H81: =IF(AND(ISNUMBER(C81),ISNUMBER($F81)),$F81-C81,"")
A82: UK000075 | E82: TECNOAGUA | F82: =IFERROR(INDEX(Pozos!$M$2:$M$1852,MATCH(A82,Pozos!$E$2:$E$1852,0)),"") -> 141.36 | G82: =IF(AND(ISNUMBER(B82),ISNUMBER($F82)),$F82-B82,"") | H82: =IF(AND(ISNUMBER(C82),ISNUMBER($F82)),$F82-C82,"")
A83: UK000076 | E83: Tesis M.MontaÃ±o // Prenader | F83: =IFERROR(INDEX(Pozos!$M$2:$M$1852,MATCH(A83,Pozos!$E$2:$E$1852,0)),"") -> 158.18 | G83: =IF(AND(ISNUMBER(B83),ISNUMBER($F83)),$F83-B83,"") | H83: =IF(AND(ISNUMBER(C83),ISNUMBER($F83)),$F83-C83,"")
A84: UK000077 | E84: TECNOAGUA | F84: =IFERROR(INDEX(Pozos!$M$2:$M$1852,MATCH(A84,Pozos!$E$2:$E$1852,0)),"") -> 127.16 | G84: =IF(AND(ISNUMBER(B84),ISNUMBER($F84)),$F84-B84,"") | H84: =IF(AND(ISNUMBER(C84),ISNUMBER($F84)),$F84-C84,"")
A85: UK000078 | E85: TECNOAGUA | F85: =IFERROR(INDEX(Pozos!$M$2:$M$1852,MATCH(A85,Pozos!$E$2:$E$1852,0)),"") -> 163.8 | G85: =IF(AND(ISNUMBER(B85),ISNUMBER($F85)),$F85-B85,"") | H85: =IF(AND(ISNUMBER(C85),ISNUMBER($F85)),$F85-C85,"")
A86: UK000079 | E86: TECNOAGUA | F86: =IFERROR(INDEX(Pozos!$M$2:$M$1852,MATCH(A86,Pozos!$E$2:$E$1852,0)),"") -> 131.33 | G86: =IF(AND(ISNUMBER(B86),ISNUMBER($F86)),$F86-B86,"") | H86: =IF(AND(ISNUMBER(C86),ISNUMBER($F86)),$F86-C86,"")
A87: UK000080 | E87: TECNOAGUA | F87: =IFERROR(INDEX(Pozos!$M$2:$M$1852,MATCH(A87,Pozos!$E$2:$E$1852,0)),"") -> 155.6 | G87: =IF(AND(ISNUMBER(B87),ISNUMBER($F87)),$F87-B87,"") | H87: =IF(AND(ISNUMBER(C87),ISNUMBER($F87)),$F87-C87,"")
A88: UK000081 | E88: DINAMIGE | F88: =IFERROR(INDEX(Pozos!$M$2:$M$1852,MATCH(A88,Pozos!$E$2:$E$1852,0)),"") -> 182.07 | G88: =IF(AND(ISNUMBER(B88),ISNUMBER($F88)),$F88-B88,"") | H88: =IF(AND(ISNUMBER(C88),ISNUMBER($F88)),$F88-C88,"")
... A237: UK000228 | E237: OSE // Tesis Paula Collazo // Tesis M.MontaÃ±o | F237: =IFERROR(INDEX(Pozos!$M$2:$M$1852,MATCH(A237,Pozos!$E$2:$E$1852,0)),"") -> 152.93 | G237: =IF(AND(ISNUMBER(B237),ISNUMBER($F237)),$F237-B237,"") | H237: =IF(AND(ISNUMBER(C237),ISNUMBER($F237)),$F237-C237,"")
A238: UK000229 | B238: 58 | D238: no se sabe si el dato es de incio o fin | E238: DINAMIGE | F238: =IFERROR(INDEX(Pozos!$M$2:$M$1852,MATCH(A238,Pozos!$E$2:$E$1852,0)),"") -> 151.29 | G238: =IF(AND(ISNUMBER(B238),ISNUMBER($F238)),$F238-B238,"") -> 93.29 | H238: =IF(AND(ISNUMBER(C238),ISNUMBER($F238)),$F238-C238,"")
A239: UK000230 | E239: Tesis Paula Collazo | F239: =IFERROR(INDEX(Pozos!$M$2:$M$1852,MATCH(A239,Pozos!$E$2:$E$1852,0)),"") -> 185 | G239: =IF(AND(ISNUMBER(B239),ISNUMBER($F239)),$F239-B239,"") | H239: =IF(AND(ISNUMBER(C239),ISNUMBER($F239)),$F239-C239,"")
A240: UK000231 | E240: TECNOAGUA | F240: =IFERROR(INDEX(Pozos!$M$2:$M$1852,MATCH(A240,Pozos!$E$2:$E$1852,0)),"") -> 136.49 | G240: =IF(AND(ISNUMBER(B240),ISNUMBER($F240)),$F240-B240,"") | H240: =IF(AND(ISNUMBER(C240),ISNUMBER($F240)),$F240-C240,"")
A241: UK000232 | E241: TECNOAGUA | F241: =IFERROR(INDEX(Pozos!$M$2:$M$1852,MATCH(A241,Pozos!$E$2:$E$1852,0)),"") -> 160.69 | G241: =IF(AND(ISNUMBER(B241),ISNUMBER($F241)),$F241-B241,"") | H241: =IF(AND(ISNUMBER(C241),ISNUMBER($F241)),$F241-C241,"")
A242: UK000233 | E242: DINAMIGE | F242: =IFERROR(INDEX(Pozos!$M$2:$M$1852,MATCH(A242,Pozos!$E$2:$E$1852,0)),"") -> 154.43 | G242: =IF(AND(ISNUMBER(B242),ISNUMBER($F242)),$F242-B242,"") | H242: =IF(AND(ISNUMBER(C242),ISNUMBER($F242)),$F242-C242,"")
A243: UK000234 | E243: DINAMIGE | F243: =IFERROR(INDEX(Pozos!$M$2:$M$1852,MATCH(A243,Pozos!$E$2:$E$1852,0)),"") -> 151.91 | G243: =IF(AND(ISNUMBER(B243),ISNUMBER($F243)),$F243-B243,"") | H243: =IF(AND(ISNUMBER(C243),ISNUMBER($F243)),$F243-C243,"")
A244: UK000235 | E244: DINAMIGE | F244: =IFERROR(INDEX(Pozos!$M$2:$M$1852,MATCH(A244,Pozos!$E$2:$E$1852,0)),"") -> 167.36 | G244: =IF(AND(ISNUMBER(B244),ISNUMBER($F244)),$F244-B244,"") | H244: =IF(AND(ISNUMBER(C244),ISNUMBER($F244)),$F244-C244,"")
A245: UK000236 | E245: DINAMIGE | F245: =IFERROR(INDEX(Pozos!$M$2:$M$1852,MATCH(A245,Pozos!$E$2:$E$1852,0)),"") -> 132.86 | G245: =IF(AND(ISNUMBER(B245),ISNUMBER($F245)),$F245-B245,"") | H245: =IF(AND(ISNUMBER(C245),ISNUMBER($F245)),$F245-C245,"")
A246: UK000237 | E246: MEVIR - MATRIN | F246: =IFERROR(INDEX(Pozos!$M$2:$M$1852,MATCH(A246,Pozos!$E$2:$E$1852,0)),"") -> 150.26 | G246: =IF(AND(ISNUMBER(B246),ISNUMBER($F246)),$F246-B246,"") | H246: =IF(AND(ISNUMBER(C246),ISNUMBER($F246)),$F246-C246,"")
A247: UK000133 | E247: MEVIR - MATRIN | F247: =IFERROR(INDEX(Pozos!$M$2:$M$1852,MATCH(A247,Pozos!$E$2:$E$1852,0)),"") -> 148.48 | G247: =IF(AND(ISNUMBER(B247),ISNUMBER($F247)),$F247-B247,"") | H247: =IF(AND(ISNUMBER(C247),ISNUMBER($F247)),$F247-C247,"")
A248: UK000238 | E248: MEVIR - MATRIN | F248: =IFERROR(INDEX(Pozos!$M$2:$M$1852,MATCH(A248,Pozos!$E$2:$E$1852,0)),"") -> 157.58 | G248: =IF(AND(ISNUMBER(B248),ISNUMBER($F248)),$F248-B248,"") | H248: =IF(AND(ISNUMBER(C248),ISNUMBER($F248)),$F248-C248,"")
A249: UK001801 | E249: DINAMIGE | F249: =IFERROR(INDEX(Pozos!$M$2:$M$1852,MATCH(A249,Pozos!$E$2:$E$1852,0)),"") -> 167.91 | G249: =IF(AND(ISNUMBER(B249),ISNUMBER($F249)),$F249-B249,"") | H249: =IF(AND(ISNUMBER(C249),ISNUMBER($F249)),$F249-C249,"")
A250: UK000239 | E250: DINAMIGE | F250: =IFERROR(INDEX(Pozos!$M$2:$M$1852,MATCH(A250,Pozos!$E$2:$E$1852,0)),"") -> 167.91 | G250: =IF(AND(ISNUMBER(B250),ISNUMBER($F250)),$F250-B250,"") | H250: =IF(AND(ISNUMBER(C250),ISNUMBER($F250)),$F250-C250,"")
... A390: UK000376 | E390: Dinagua | F390: =IFERROR(INDEX(Pozos!$M$2:$M$1852,MATCH(A390,Pozos!$E$2:$E$1852,0)),"") -> 24.61 | G390: =IF(AND(ISNUMBER(B390),ISNUMBER($F390)),$F390-B390,"") | H390: =IF(AND(ISNUMBER(C390),ISNUMBER($F390)),$F390-C390,"")
A391: UK000377 | B391: 26 | C391: 31 | E391: Dinagua | F391: =IFERROR(INDEX(Pozos!$M$2:$M$1852,MATCH(A391,Pozos!$E$2:$E$1852,0)),"") -> 13.5 | G391: =IF(AND(ISNUMBER(B391),ISNUMBER($F391)),$F391-B391,"") -> -12.5 | H391: =IF(AND(ISNUMBER(C391),ISNUMBER($F391)),$F391-C391,"") -> -17.5
A392: UK000378 | E392: Dinagua | F392: =IFERROR(INDEX(Pozos!$M$2:$M$1852,MATCH(A392,Pozos!$E$2:$E$1852,0)),"") -> 18.67 | G392: =IF(AND(ISNUMBER(B392),ISNUMBER($F392)),$F392-B392,"") | H392: =IF(AND(ISNUMBER(C392),ISNUMBER($F392)),$F392-C392,"")
A393: UK000379 | E393: Dinagua | F393: =IFERROR(INDEX(Pozos!$M$2:$M$1852,MATCH(A393,Pozos!$E$2:$E$1852,0)),"") -> 10.84 | G393: =IF(AND(ISNUMBER(B393),ISNUMBER($F393)),$F393-B393,"") | H393: =IF(AND(ISNUMBER(C393),ISNUMBER($F393)),$F393-C393,"")
A394: UK000380 | E394: Dinagua | F394: =IFERROR(INDEX(Pozos!$M$2:$M$1852,MATCH(A394,Pozos!$E$2:$E$1852,0)),"") -> 14.79 | G394: =IF(AND(ISNUMBER(B394),ISNUMBER($F394)),$F394-B394,"") | H394: =IF(AND(ISNUMBER(C394),ISNUMBER($F394)),$F394-C394,"")
A395: UK000381 | E395: Dinagua | F395: =IFERROR(INDEX(Pozos!$M$2:$M$1852,MATCH(A395,Pozos!$E$2:$E$1852,0)),"") -> 13.66 | G395: =IF(AND(ISNUMBER(B395),ISNUMBER($F395)),$F395-B395,"") | H395: =IF(AND(ISNUMBER(C395),ISNUMBER($F395)),$F395-C395,"")
A396: UK000382 | E396: Dinagua | F396: =IFERROR(INDEX(Pozos!$M$2:$M$1852,MATCH(A396,Pozos!$E$2:$E$1852,0)),"") -> 31.41 | G396: =IF(AND(ISNUMBER(B396),ISNUMBER($F396)),$F396-B396,"") | H396: =IF(AND(ISNUMBER(C396),ISNUMBER($F396)),$F396-C396,"")
...

Sheet Filtros_m
A1: Cod UK | B1: Inicio | C1: Fin | D1: Comentarios | E1: Fuente BD | F1: Z_boca (m) | G1: Inicio Acotado | H1: Fin Acotado
A2: UK000001 | E2: MEVIR - MATRIN | F2: =IFERROR(INDEX(Pozos!$M$2:$M$1852,MATCH(A2,Pozos!$E$2:$E$1852,0)),"") -> 160.6 | G2: =IF(AND(ISNUMBER(B2),ISNUMBER($F2)),$F2-B2,"") | H2: =IF(AND(ISNUMBER(C2),ISNUMBER($F2)),$F2-C2,"")
A3: UK000002 | E3: TECNOAGUA | F3: =IFERROR(INDEX(Pozos!$M$2:$M$1852,MATCH(A3,Pozos!$E$2:$E$1852,0)),"") -> 180.73 | G3: =IF(AND(ISNUMBER(B3),ISNUMBER($F3)),$F3-B3,"") | H3: =IF(AND(ISNUMBER(C3),ISNUMBER($F3)),$F3-C3,"")
A4: UK000003 | E4: DINAMIGE PRIVADOS | F4: =IFERROR(INDEX(Pozos!$M$2:$M$1852,MATCH(A4,Pozos!$E$2:$E$1852,0)),"") -> 249.57 | G4: =IF(AND(ISNUMBER(B4),ISNUMBER($F4)),$F4-B4,"") | H4: =IF(AND(ISNUMBER(C4),ISNUMBER($F4)),$F4-C4,"")
A5: UK000004 | E5: DINAMIGE PRIVADOS | F5: =IFERROR(INDEX(Pozos!$M$2:$M$1852,MATCH(A5,Pozos!$E$2:$E$1852,0)),"") -> 254.03 | G5: =IF(AND(ISNUMBER(B5),ISNUMBER($F5)),$F5-B5,"") | H5: =IF(AND(ISNUMBER(C5),ISNUMBER($F5)),$F5-C5,"")
A6: UK000005 | E6: DJ DINAGUA | F6: =IFERROR(INDEX(Pozos!$M$2:$M$1852,MATCH(A6,Pozos!$E$2:$E$1852,0)),"") -> 133.52 | G6: =IF(AND(ISNUMBER(B6),ISNUMBER($F6)),$F6-B6,"") | H6: =IF(AND(ISNUMBER(C6),ISNUMBER($F6)),$F6-C6,"")
A7: UK000006 | E7: Tecnoagua | F7: =IFERROR(INDEX(Pozos!$M$2:$M$1852,MATCH(A7,Pozos!$E$2:$E$1852,0)),"") -> 158.71 | G7: =IF(AND(ISNUMBER(B7),ISNUMBER($F7)),$F7-B7,"") | H7: =IF(AND(ISNUMBER(C7),ISNUMBER($F7)),$F7-C7,"")
A8: UK000007 | E8: TECNOAGUA | F8: =IFERROR(INDEX(Pozos!$M$2:$M$1852,MATCH(A8,Pozos!$E$2:$E$1852,0)),"") -> 195.12 | G8: =IF(AND(ISNUMBER(B8),ISNUMBER($F8)),$F8-B8,"") | H8: =IF(AND(ISNUMBER(C8),ISNUMBER($F8)),$F8-C8,"")
A9: UK000008 | E9: DINAMIGE FORMACION TACUAREMBO | F9: =IFERROR(INDEX(Pozos!$M$2:$M$1852,MATCH(A9,Pozos!$E$2:$E$1852,0)),"") -> 154.78 | G9: =IF(AND(ISNUMBER(B9),ISNUMBER($F9)),$F9-B9,"") | H9: =IF(AND(ISNUMBER(C9),ISNUMBER($F9)),$F9-C9,"")
A10: UK000161 | E10: TECNOAGUA | F10: =IFERROR(INDEX(Pozos!$M$2:$M$1852,MATCH(A10,Pozos!$E$2:$E$1852,0)),"") -> 164.7 | G10: =IF(AND(ISNUMBER(B10),ISNUMBER($F10)),$F10-B10,"") | H10: =IF(AND(ISNUMBER(C10),ISNUMBER($F10)),$F10-C10,"")
A11: UK000010 | B11: 20 | C11: 22 | E11: TECNOAGUA | F11: =IFERROR(INDEX(Pozos!$M$2:$M$1852,MATCH(A11,Pozos!$E$2:$E$1852,0)),"") -> 176.92 | G11: =IF(AND(ISNUMBER(B11),ISNUMBER($F11)),$F11-B11,"") -> 156.92 | H11: =IF(AND(ISNUMBER(C11),ISNUMBER($F11)),$F11-C11,"") -> 154.92
A12: UK000010 | B12: 36 | C12: 38 | E12: TECNOAGUA | F12: =IFERROR(INDEX(Pozos!$M$2:$M$1852,MATCH(A12,Pozos!$E$2:$E$1852,0)),"") -> 176.92 | G12: =IF(AND(ISNUMBER(B12),ISNUMBER($F12)),$F12-B12,"") -> 140.92 | H12: =IF(AND(ISNUMBER(C12),ISNUMBER($F12)),$F12-C12,"") -> 138.92
A13: UK000011 | B13: 25 | C13: 26 | E13: DINAMIGE FORMACION TACUAREMBO | F13: =IFERROR(INDEX(Pozos!$M$2:$M$1852,MATCH(A13,Pozos!$E$2:$E$1852,0)),"") -> 162.68 | G13: =IF(AND(ISNUMBER(B13),ISNUMBER($F13)),$F13-B13,"") -> 137.68 | H13: =IF(AND(ISNUMBER(C13),ISNUMBER($F13)),$F13-C13,"") -> 136.68
A14: UK000011 | B14: 28 | C14: 30 | E14: DINAMIGE FORMACION TACUAREMBO | F14: =IFERROR(INDEX(Pozos!$M$2:$M$1852,MATCH(A14,Pozos!$E$2:$E$1852,0)),"") -> 162.68 | G14: =IF(AND(ISNUMBER(B14),ISNUMBER($F14)),$F14-B14,"") -> 134.68 | H14: =IF(AND(ISNUMBER(C14),ISNUMBER($F14)),$F14-C14,"") -> 132.68
A15: UK000011 | B15: 38 | C15: 40 | E15: DINAMIGE FORMACION TACUAREMBO | F15: =IFERROR(INDEX(Pozos!$M$2:$M$1852,MATCH(A15,Pozos!$E$2:$E$1852,0)),"") -> 162.68 | G15: =IF(AND(ISNUMBER(B15),ISNUMBER($F15)),$F15-B15,"") -> 124.68 | H15: =IF(AND(ISNUMBER(C15),ISNUMBER($F15)),$F15-C15,"") -> 122.68
A16: UK000012 | B16: 33.86 | C16: 36.4 | E16: DINAMIGE FORMACION TACUAREMBO | F16: =IFERROR(INDEX(Pozos!$M$2:$M$1852,MATCH(A16,Pozos!$E$2:$E$1852,0)),"") -> 147.1 | G16: =IF(AND(ISNUMBER(B16),ISNUMBER($F16)),$F16-B16,"") -> 113.24 | H16: =IF(AND(ISNUMBER(C16),ISNUMBER($F16)),$F16-C16,"") -> 110.7
A17: UK000013 | B17: 13.8 | C17: 16.8 | E17: DINAMIGE FORMACION TACUAREMBO | F17: =IFERROR(INDEX(Pozos!$M$2:$M$1852,MATCH(A17,Pozos!$E$2:$E$1852,0)),"") -> 135.04 | G17: =IF(AND(ISNUMBER(B17),ISNUMBER($F17)),$F17-B17,"") -> 121.24 | H17: =IF(AND(ISNUMBER(C17),ISNUMBER($F17)),$F17-C17,"") -> 118.24
A18: UK000014 | B18: 29 | C18: 30 | E18: Tesis Paula Collazo | F18: =IFERROR(INDEX(Pozos!$M$2:$M$1852,MATCH(A18,Pozos!$E$2:$E$1852,0)),"") -> 170 | G18: =IF(AND(ISNUMBER(B18),ISNUMBER($F18)),$F18-B18,"") -> 141 | H18: =IF(AND(ISNUMBER(C18),ISNUMBER($F18)),$F18-C18,"") -> 140
A19: UK000014 | B19: 33 | C19: 35 | E19: Tesis Paula Collazo | F19: =IFERROR(INDEX(Pozos!$M$2:$M$1852,MATCH(A19,Pozos!$E$2:$E$1852,0)),"") -> 170 | G19: =IF(AND(ISNUMBER(B19),ISNUMBER($F19)),$F19-B19,"") -> 137 | H19: =IF(AND(ISNUMBER(C19),ISNUMBER($F19)),$F19-C19,"") -> 135
A20: UK000014 | B20: 40 | C20: 41 | E20: Tesis Paula Collazo | F20: =IFERROR(INDEX(Pozos!$M$2:$M$1852,MATCH(A20,Pozos!$E$2:$E$1852,0)),"") -> 170 | G20: =IF(AND(ISNUMBER(B20),ISNUMBER($F20)),$F20-B20,"") -> 130 | H20: =IF(AND(ISNUMBER(C20),ISNUMBER($F20)),$F20-C20,"") -> 129
A21: UK000015 | E21: DINAMIGE FORMACION TACUAREMBO | F21: =IFERROR(INDEX(Pozos!$M$2:$M$1852,MATCH(A21,Pozos!$E$2:$E$1852,0)),"") -> 145.15 | G21: =IF(AND(ISNUMBER(B21),ISNUMBER($F21)),$F21-B21,"") | H21: =IF(AND(ISNUMBER(C21),ISNUMBER($F21)),$F21-C21,"")
A22: UK000016 | B22: 28 | C22: 35 | E22: DINAMIGE // Tesis Paula Collazo | F22: =IFERROR(INDEX(Pozos!$M$2:$M$1852,MATCH(A22,Pozos!$E$2:$E$1852,0)),"") -> 140 | G22: =IF(AND(ISNUMBER(B22),ISNUMBER($F22)),$F22-B22,"") -> 112 | H22: =IF(AND(ISNUMBER(C22),ISNUMBER($F22)),$F22-C22,"") -> 105
A23: UK000016 | B23: 43 | C23: 47 | E23: DINAMIGE // Tesis Paula Collazo | F23: =IFERROR(INDEX(Pozos!$M$2:$M$1852,MATCH(A23,Pozos!$E$2:$E$1852,0)),"") -> 140 | G23: =IF(AND(ISNUMBER(B23),ISNUMBER($F23)),$F23-B23,"") -> 97 | H23: =IF(AND(ISNUMBER(C23),ISNUMBER($F23)),$F23-C23,"") -> 93
A24: UK000017 | B24: 28 | C24: 29 | E24: DINAMIGE FORMACION TACUAREMBO | F24: =IFERROR(INDEX(Pozos!$M$2:$M$1852,MATCH(A24,Pozos!$E$2:$E$1852,0)),"") -> 156.66 | G24: =IF(AND(ISNUMBER(B24),ISNUMBER($F24)),$F24-B24,"") -> 128.66 | H24: =IF(AND(ISNUMBER(C24),ISNUMBER($F24)),$F24-C24,"") -> 127.66
A25: UK000017 | B25: 32 | C25: 34 | E25: DINAMIGE FORMACION TACUAREMBO | F25: =IFERROR(INDEX(Pozos!$M$2:$M$1852,MATCH(A25,Pozos!$E$2:$E$1852,0)),"") -> 156.66 | G25: =IF(AND(ISNUMBER(B25),ISNUMBER($F25)),$F25-B25,"") -> 124.66 | H25: =IF(AND(ISNUMBER(C25),ISNUMBER($F25)),$F25-C25,"") -> 122.66
A26: UK000017 | B26: 36 | C26: 37 | E26: DINAMIGE FORMACION TACUAREMBO | F26: =IFERROR(INDEX(Pozos!$M$2:$M$1852,MATCH(A26,Pozos!$E$2:$E$1852,0)),"") -> 156.66 | G26: =IF(AND(ISNUMBER(B26),ISNUMBER($F26)),$F26-B26,"") -> 120.66 | H26: =IF(AND(ISNUMBER(C26),ISNUMBER($F26)),$F26-C26,"") -> 119.66
A27: UK000018 | B27: 29 | C27: 30 | E27: DINAMIGE FORMACION TACUAREMBO | F27: =IFERROR(INDEX(Pozos!$M$2:$M$1852,MATCH(A27,Pozos!$E$2:$E$1852,0)),"") -> 176.9 | G27: =IF(AND(ISNUMBER(B27),ISNUMBER($F27)),$F27-B27,"") -> 147.9 | H27: =IF(AND(ISNUMBER(C27),ISNUMBER($F27)),$F27-C27,"") -> 146.9
A28: UK000018 | B28: 35 | C28: 36 | E28: DINAMIGE FORMACION TACUAREMBO | F28: =IFERROR(INDEX(Pozos!$M$2:$M$1852,MATCH(A28,Pozos!$E$2:$E$1852,0)),"") -> 176.9 | G28: =IF(AND(ISNUMBER(B28),ISNUMBER($F28)),$F28-B28,"") -> 141.9 | H28: =IF(AND(ISNUMBER(C28),ISNUMBER($F28)),$F28-C28,"") -> 140.9
A29: UK000018 | B29: 39 | C29: 41 | E29: DINAMIGE FORMACION TACUAREMBO | F29: =IFERROR(INDEX(Pozos!$M$2:$M$1852,MATCH(A29,Pozos!$E$2:$E$1852,0)),"") -> 176.9 | G29: =IF(AND(ISNUMBER(B29),ISNUMBER($F29)),$F29-B29,"") -> 137.9 | H29: =IF(AND(ISNUMBER(C29),ISNUMBER($F29)),$F29-C29,"") -> 135.9
A30: UK000019 | B30: 25 | C30: 29 | E30: DINAMIGE FORMACION TACUAREMBO // Tesis Paula Collazo | F30: =IFERROR(INDEX(Pozos!$M$2:$M$1852,MATCH(A30,Pozos!$E$2:$E$1852,0)),"") -> 142 | G30: =IF(AND(ISNUMBER(B30),ISNUMBER($F30)),$F30-B30,"") -> 117 | H30: =IF(AND(ISNUMBER(C30),ISNUMBER($F30)),$F30-C30,"") -> 113
A31: UK000019 | B31: 34 | C31: 35 | E31: DINAMIGE FORMACION TACUAREMBO // Tesis Paula Collazo | F31: =IFERROR(INDEX(Pozos!$M$2:$M$1852,MATCH(A31,Pozos!$E$2:$E$1852,0)),"") -> 142 | G31: =IF(AND(ISNUMBER(B31),ISNUMBER($F31)),$F31-B31,"") -> 108 | H31: =IF(AND(ISNUMBER(C31),ISNUMBER($F31)),$F31-C31,"") -> 107
A32: UK000019 | B32: 44 | C32: 45 | E32: DINAMIGE FORMACION TACUAREMBO // Tesis Paula Collazo | F32: =IFERROR(INDEX(Pozos!$M$2:$M$1852,MATCH(A32,Pozos!$E$2:$E$1852,0)),"") -> 142 | G32: =IF(AND(ISNUMBER(B32),ISNUMBER($F32)),$F32-B32,"") -> 98 | H32: =IF(AND(ISNUMBER(C32),ISNUMBER($F32)),$F32-C32,"") -> 97
A33: UK000020 | B33: 30 | C33: 32 | E33: DINAMIGE FORMACION TACUAREMBO | F33: =IFERROR(INDEX(Pozos!$M$2:$M$1852,MATCH(A33,Pozos!$E$2:$E$1852,0)),"") -> 181.78 | G33: =IF(AND(ISNUMBER(B33),ISNUMBER($F33)),$F33-B33,"") -> 151.78 | H33: =IF(AND(ISNUMBER(C33),ISNUMBER($F33)),$F33-C33,"") -> 149.78
... A41: UK000023 | B41: 25 | C41: 28 | E41: MEVIR - MATRIN | F41: =IFERROR(INDEX(Pozos!$M$2:$M$1852,MATCH(A41,Pozos!$E$2:$E$1852,0)),"") -> 169.11 | G41: =IF(AND(ISNUMBER(B41),ISNUMBER($F41)),$F41-B41,"") -> 144.11 | H41: =IF(AND(ISNUMBER(C41),ISNUMBER($F41)),$F41-C41,"") -> 141.11
A42: UK000024 | E42: TECNOAGUA | F42: =IFERROR(INDEX(Pozos!$M$2:$M$1852,MATCH(A42,Pozos!$E$2:$E$1852,0)),"") -> 165.23 | G42: =IF(AND(ISNUMBER(B42),ISNUMBER($F42)),$F42-B42,"") | H42: =IF(AND(ISNUMBER(C42),ISNUMBER($F42)),$F42-C42,"")
A43: UK000025 | E43: Tesis Paula Collazo | F43: =IFERROR(INDEX(Pozos!$M$2:$M$1852,MATCH(A43,Pozos!$E$2:$E$1852,0)),"") -> 160 | G43: =IF(AND(ISNUMBER(B43),ISNUMBER($F43)),$F43-B43,"") | H43: =IF(AND(ISNUMBER(C43),ISNUMBER($F43)),$F43-C43,"")
A44: UK000026 | E44: Tesis Paula Collazo | F44: =IFERROR(INDEX(Pozos!$M$2:$M$1852,MATCH(A44,Pozos!$E$2:$E$1852,0)),"") -> 150 | G44: =IF(AND(ISNUMBER(B44),ISNUMBER($F44)),$F44-B44,"") | H44: =IF(AND(ISNUMBER(C44),ISNUMBER($F44)),$F44-C44,"")
A45: UK000027 | B45: 24 | C45: 30 | E45: TECNOAGUA | F45: =IFERROR(INDEX(Pozos!$M$2:$M$1852,MATCH(A45,Pozos!$E$2:$E$1852,0)),"") -> 186.94 | G45: =IF(AND(ISNUMBER(B45),ISNUMBER($F45)),$F45-B45,"") -> 162.94 | H45: =IF(AND(ISNUMBER(C45),ISNUMBER($F45)),$F45-C45,"") -> 156.94
A46: UK000027 | B46: 33 | C46: 39 | E46: TECNOAGUA | F46: =IFERROR(INDEX(Pozos!$M$2:$M$1852,MATCH(A46,Pozos!$E$2:$E$1852,0)),"") -> 186.94 | G46: =IF(AND(ISNUMBER(B46),ISNUMBER($F46)),$F46-B46,"") -> 153.94 | H46: =IF(AND(ISNUMBER(C46),ISNUMBER($F46)),$F46-C46,"") -> 147.94
A47: UK000028 | E47: DINAMIGE FORMACION TACUAREMBO | F47: =IFERROR(INDEX(Pozos!$M$2:$M$1852,MATCH(A47,Pozos!$E$2:$E$1852,0)),"") -> 179.16 | G47: =IF(AND(ISNUMBER(B47),ISNUMBER($F47)),$F47-B47,"") | H47: =IF(AND(ISNUMBER(C47),ISNUMBER($F47)),$F47-C47,"")
A48: UK000029 | E48: DJ DINAGUA | F48: =IFERROR(INDEX(Pozos!$M$2:$M$1852,MATCH(A48,Pozos!$E$2:$E$1852,0)),"") -> 170.35 | G48: =IF(AND(ISNUMBER(B48),ISNUMBER($F48)),$F48-B48,"") | H48: =IF(AND(ISNUMBER(C48),ISNUMBER($F48)),$F48-C48,"")
A49: UK000030 | C49: 43 | E49: DINAMIGE FORMACION TACUAREMBO | F49: =IFERROR(INDEX(Pozos!$M$2:$M$1852,MATCH(A49,Pozos!$E$2:$E$1852,0)),"") -> 190.17 | G49: =IF(AND(ISNUMBER(B49),ISNUMBER($F49)),$F49-B49,"") | H49: =IF(AND(ISNUMBER(C49),ISNUMBER($F49)),$F49-C49,"") -> 147.17
A50: UK000031 | C50: 42 | E50: DINAMIGE FORMACION TACUAREMBO | F50: =IFERROR(INDEX(Pozos!$M$2:$M$1852,MATCH(A50,Pozos!$E$2:$E$1852,0)),"") -> 159.07 | G50: =IF(AND(ISNUMBER(B50),ISNUMBER($F50)),$F50-B50,"") | H50: =IF(AND(ISNUMBER(C50),ISNUMBER($F50)),$F50-C50,"") -> 117.07
A51: UK000032 | E51: DINAMIGE FORMACION TACUAREMBO | F51: =IFERROR(INDEX(Pozos!$M$2:$M$1852,MATCH(A51,Pozos!$E$2:$E$1852,0)),"") -> 166.46 | G51: =IF(AND(ISNUMBER(B51),ISNUMBER($F51)),$F51-B51,"") | H51: =IF(AND(ISNUMBER(C51),ISNUMBER($F51)),$F51-C51,"")
A52: UK000033 | E52: DINAMIGE FORMACION TACUAREMBO | F52: =IFERROR(INDEX(Pozos!$M$2:$M$1852,MATCH(A52,Pozos!$E$2:$E$1852,0)),"") -> 167.59 | G52: =IF(AND(ISNUMBER(B52),ISNUMBER($F52)),$F52-B52,"") | H52: =IF(AND(ISNUMBER(C52),ISNUMBER($F52)),$F52-C52,"")
A53: UK000034 | C53: 43 | E53: DINAMIGE FORMACION TACUAREMBO | F53: =IFERROR(INDEX(Pozos!$M$2:$M$1852,MATCH(A53,Pozos!$E$2:$E$1852,0)),"") -> 157.58 | G53: =IF(AND(ISNUMBER(B53),ISNUMBER($F53)),$F53-B53,"") | H53: =IF(AND(ISNUMBER(C53),ISNUMBER($F53)),$F53-C53,"") -> 114.58
A54: UK000035 | E54: DINAMIGE FORMACION TACUAREMBO | F54: =IFERROR(INDEX(Pozos!$M$2:$M$1852,MATCH(A54,Pozos!$E$2:$E$1852,0)),"") -> 157.01 | G54: =IF(AND(ISNUMBER(B54),ISNUMBER($F54)),$F54-B54,"") | H54: =IF(AND(ISNUMBER(C54),ISNUMBER($F54)),$F54-C54,"")
A55: UK000036 | C55: 34 | E55: DINAMIGE FORMACION TACUAREMBO | F55: =IFERROR(INDEX(Pozos!$M$2:$M$1852,MATCH(A55,Pozos!$E$2:$E$1852,0)),"") -> 193.36 | G55: =IF(AND(ISNUMBER(B55),ISNUMBER($F55)),$F55-B55,"") | H55: =IF(AND(ISNUMBER(C55),ISNUMBER($F55)),$F55-C55,"") -> 159.36
A56: UK000037 | B56: 27 | C56: 31.8 | E56: DINAMIGE FORMACION TACUAREMBO | F56: =IFERROR(INDEX(Pozos!$M$2:$M$1852,MATCH(A56,Pozos!$E$2:$E$1852,0)),"") -> 164.17 | G56: =IF(AND(ISNUMBER(B56),ISNUMBER($F56)),$F56-B56,"") -> 137.17 | H56: =IF(AND(ISNUMBER(C56),ISNUMBER($F56)),$F56-C56,"") -> 132.37
A57: UK000037 | B57: 33.8 | E57: DINAMIGE FORMACION TACUAREMBO | F57: =IFERROR(INDEX(Pozos!$M$2:$M$1852,MATCH(A57,Pozos!$E$2:$E$1852,0)),"") -> 164.17 | G57: =IF(AND(ISNUMBER(B57),ISNUMBER($F57)),$F57-B57,"") -> 130.37 | H57: =IF(AND(ISNUMBER(C57),ISNUMBER($F57)),$F57-C57,"")
A58: UK000038 | E58: DINAMIGE FORMACION TACUAREMBO | F58: =IFERROR(INDEX(Pozos!$M$2:$M$1852,MATCH(A58,Pozos!$E$2:$E$1852,0)),"") -> 162.58 | G58: =IF(AND(ISNUMBER(B58),ISNUMBER($F58)),$F58-B58,"") | H58: =IF(AND(ISNUMBER(C58),ISNUMBER($F58)),$F58-C58,"")
A59: UK000039 | E59: DINAMIGE FORMACION TACUAREMBO | F59: =IFERROR(INDEX(Pozos!$M$2:$M$1852,MATCH(A59,Pozos!$E$2:$E$1852,0)),"") -> 146.85 | G59: =IF(AND(ISNUMBER(B59),ISNUMBER($F59)),$F59-B59,"") | H59: =IF(AND(ISNUMBER(C59),ISNUMBER($F59)),$F59-C59,"")
A60: UK000040 | E60: DINAMIGE FORMACION TACUAREMBO | F60: =IFERROR(INDEX(Pozos!$M$2:$M$1852,MATCH(A60,Pozos!$E$2:$E$1852,0)),"") -> 146.45 | G60: =IF(AND(ISNUMBER(B60),ISNUMBER($F60)),$F60-B60,"") | H60: =IF(AND(ISNUMBER(C60),ISNUMBER($F60)),$F60-C60,"")
A61: UK000041 | E61: PRENADER TACUAREMBO | F61: =IFERROR(INDEX(Pozos!$M$2:$M$1852,MATCH(A61,Pozos!$E$2:$E$1852,0)),"") -> 268.37 | G61: =IF(AND(ISNUMBER(B61),ISNUMBER($F61)),$F61-B61,"") | H61: =IF(AND(ISNUMBER(C61),ISNUMBER($F61)),$F61-C61,"")
A62: UK000042 | E62: DINAMIGE FORMACION TACUAREMBO | F62: =IFERROR(INDEX(Pozos!$M$2:$M$1852,MATCH(A62,Pozos!$E$2:$E$1852,0)),"") -> 193.48 | G62: =IF(AND(ISNUMBER(B62),ISNUMBER($F62)),$F62-B62,"") | H62: =IF(AND(ISNUMBER(C62),ISNUMBER($F62)),$F62-C62,"")
A63: UK000043 | E63: TECNOAGUA | F63: =IFERROR(INDEX(Pozos!$M$2:$M$1852,MATCH(A63,Pozos!$E$2:$E$1852,0)),"") -> 174.55 | G63: =IF(AND(ISNUMBER(B63),ISNUMBER($F63)),$F63-B63,"") | H63: =IF(AND(ISNUMBER(C63),ISNUMBER($F63)),$F63-C63,"")
A64: UK000044 | E64: PRENADER TACUAREMBO | F64: =IFERROR(INDEX(Pozos!$M$2:$M$1852,MATCH(A64,Pozos!$E$2:$E$1852,0)),"") -> 155.77 | G64: =IF(AND(ISNUMBER(B64),ISNUMBER($F64)),$F64-B64,"") | H64: =IF(AND(ISNUMBER(C64),ISNUMBER($F64)),$F64-C64,"")
A65: UK000045 | E65: DINAMIGE PRIVADOS | F65: =IFERROR(INDEX(Pozos!$M$2:$M$1852,MATCH(A65,Pozos!$E$2:$E$1852,0)),"") -> 196.85 | G65: =IF(AND(ISNUMBER(B65),ISNUMBER($F65)),$F65-B65,"") | H65: =IF(AND(ISNUMBER(C65),ISNUMBER($F65)),$F65-C65,"")
A66: UK000046 | E66: TECNOAGUA // DJ DINAGUA | F66: =IFERROR(INDEX(Pozos!$M$2:$M$1852,MATCH(A66,Pozos!$E$2:$E$1852,0)),"") -> 153.33 | G66: =IF(AND(ISNUMBER(B66),ISNUMBER($F66)),$F66-B66,"") | H66: =IF(AND(ISNUMBER(C66),ISNUMBER($F66)),$F66-C66,"")
A67: UK000047 | E67: DJ DINAGUA | F67: =IFERROR(INDEX(Pozos!$M$2:$M$1852,MATCH(A67,Pozos!$E$2:$E$1852,0)),"") -> 159.45 | G67: =IF(AND(ISNUMBER(B67),ISNUMBER($F67)),$F67-B67,"") | H67: =IF(AND(ISNUMBER(C67),ISNUMBER($F67)),$F67-C67,"")
A68: UK000048 | E68: OSE | F68: =IFERROR(INDEX(Pozos!$M$2:$M$1852,MATCH(A68,Pozos!$E$2:$E$1852,0)),"") -> 335.19 | G68: =IF(AND(ISNUMBER(B68),ISNUMBER($F68)),$F68-B68,"") | H68: =IF(AND(ISNUMBER(C68),ISNUMBER($F68)),$F68-C68,"")
A69: UK000049 | B69: 24 | C69: 29 | E69: OSE | F69: =IFERROR(INDEX(Pozos!$M$2:$M$1852,MATCH(A69,Pozos!$E$2:$E$1852,0)),"") -> 162.65 | G69: =IF(AND(ISNUMBER(B69),ISNUMBER($F69)),$F69-B69,"") -> 138.65 | H69: =IF(AND(ISNUMBER(C69),ISNUMBER($F69)),$F69-C69,"") -> 133.65
A70: UK000050 | B70: 26 | C70: 27 | E70: OSE | F70: =IFERROR(INDEX(Pozos!$M$2:$M$1852,MATCH(A70,Pozos!$E$2:$E$1852,0)),"") -> 145.15 | G70: =IF(AND(ISNUMBER(B70),ISNUMBER($F70)),$F70-B70,"") -> 119.15 | H70: =IF(AND(ISNUMBER(C70),ISNUMBER($F70)),$F70-C70,"") -> 118.15
A71: UK000050 | B71: 32 | C71: 33 | E71: OSE | F71: =IFERROR(INDEX(Pozos!$M$2:$M$1852,MATCH(A71,Pozos!$E$2:$E$1852,0)),"") -> 145.15 | G71: =IF(AND(ISNUMBER(B71),ISNUMBER($F71)),$F71-B71,"") -> 113.15 | H71: =IF(AND(ISNUMBER(C71),ISNUMBER($F71)),$F71-C71,"") -> 112.15
A72: UK000050 | B72: 40 | C72: 43 | E72: OSE | F72: =IFERROR(INDEX(Pozos!$M$2:$M$1852,MATCH(A72,Pozos!$E$2:$E$1852,0)),"") -> 145.15 | G72: =IF(AND(ISNUMBER(B72),ISNUMBER($F72)),$F72-B72,"") -> 105.15 | H72: =IF(AND(ISNUMBER(C72),ISNUMBER($F72)),$F72-C72,"") -> 102.15
A73: UK000051 | B73: 0 | C73: 75 | E73: OSE | F73: =IFERROR(INDEX(Pozos!$M$2:$M$1852,MATCH(A73,Pozos!$E$2:$E$1852,0)),"") -> 133.86 | G73: =IF(AND(ISNUMBER(B73),ISNUMBER($F73)),$F73-B73,"") -> 133.86 | H73: =IF(AND(ISNUMBER(C73),ISNUMBER($F73)),$F73-C73,"") -> 58.86
A74: UK000052 | B74: 32 | C74: 36 | E74: OSE | F74: =IFERROR(INDEX(Pozos!$M$2:$M$1852,MATCH(A74,Pozos!$E$2:$E$1852,0)),"") -> 133.36 | G74: =IF(AND(ISNUMBER(B74),ISNUMBER($F74)),$F74-B74,"") -> 101.36 | H74: =IF(AND(ISNUMBER(C74),ISNUMBER($F74)),$F74-C74,"") -> 97.36
A75: UK000052 | B75: 54 | C75: 62 | E75: OSE | F75: =IFERROR(INDEX(Pozos!$M$2:$M$1852,MATCH(A75,Pozos!$E$2:$E$1852,0)),"") -> 133.36 | G75: =IF(AND(ISNUMBER(B75),ISNUMBER($F75)),$F75-B75,"") -> 79.36 | H75: =IF(AND(ISNUMBER(C75),ISNUMBER($F75)),$F75-C75,"") -> 71.36
A76: UK000053 | B76: 63.7 | C76: 66.7 | E76: OSE // Tesis Paula Collazo | F76: =IFERROR(INDEX(Pozos!$M$2:$M$1852,MATCH(A76,Pozos!$E$2:$E$1852,0)),"") -> 192.95 | G76: =IF(AND(ISNUMBER(B76),ISNUMBER($F76)),$F76-B76,"") -> 129.25 | H76: =IF(AND(ISNUMBER(C76),ISNUMBER($F76)),$F76-C76,"") -> 126.25
A77: UK000053 | B77: 79 | C77: 82 | E77: OSE // Tesis Paula Collazo | F77: =IFERROR(INDEX(Pozos!$M$2:$M$1852,MATCH(A77,Pozos!$E$2:$E$1852,0)),"") -> 192.95 | G77: =IF(AND(ISNUMBER(B77),ISNUMBER($F77)),$F77-B77,"") -> 113.95 | H77: =IF(AND(ISNUMBER(C77),ISNUMBER($F77)),$F77-C77,"") -> 110.95
A78: UK000053 | B78: 88 | C78: 91 | E78: OSE // Tesis Paula Collazo | F78: =IFERROR(INDEX(Pozos!$M$2:$M$1852,MATCH(A78,Pozos!$E$2:$E$1852,0)),"") -> 192.95 | G78: =IF(AND(ISNUMBER(B78),ISNUMBER($F78)),$F78-B78,"") -> 104.95 | H78: =IF(AND(ISNUMBER(C78),ISNUMBER($F78)),$F78-C78,"") -> 101.95
A79: UK000054 | B79: 21 | C79: 24 | E79: OSE // DJ DINAGUA | F79: =IFERROR(INDEX(Pozos!$M$2:$M$1852,MATCH(A79,Pozos!$E$2:$E$1852,0)),"") -> 164.94 | G79: =IF(AND(ISNUMBER(B79),ISNUMBER($F79)),$F79-B79,"") -> 143.94 | H79: =IF(AND(ISNUMBER(C79),ISNUMBER($F79)),$F79-C79,"") -> 140.94
A80: UK000054 | B80: 33 | C80: 36 | E80: OSE // DJ DINAGUA | F80: =IFERROR(INDEX(Pozos!$M$2:$M$1852,MATCH(A80,Pozos!$E$2:$E$1852,0)),"") -> 164.94 | G80: =IF(AND(ISNUMBER(B80),ISNUMBER($F80)),$F80-B80,"") -> 131.94 | H80: =IF(AND(ISNUMBER(C80),ISNUMBER($F80)),$F80-C80,"") -> 128.94
A81: UK000055 | E81: OSE | F81: =IFERROR(INDEX(Pozos!$M$2:$M$1852,MATCH(A81,Pozos!$E$2:$E$1852,0)),"") -> 133.47 | G81: =IF(AND(ISNUMBER(B81),ISNUMBER($F81)),$F81-B81,"") | H81: =IF(AND(ISNUMBER(C81),ISNUMBER($F81)),$F81-C81,"")
A82: UK000056 | E82: OSE | F82: =IFERROR(INDEX(Pozos!$M$2:$M$1852,MATCH(A82,Pozos!$E$2:$E$1852,0)),"") -> 134.91 | G82: =IF(AND(ISNUMBER(B82),ISNUMBER($F82)),$F82-B82,"") | H82: =IF(AND(ISNUMBER(C82),ISNUMBER($F82)),$F82-C82,"")
A83: UK000057 | E83: TECNOAGUA | F83: =IFERROR(INDEX(Pozos!$M$2:$M$1852,MATCH(A83,Pozos!$E$2:$E$1852,0)),"") -> 199.33 | G83: =IF(AND(ISNUMBER(B83),ISNUMBER($F83)),$F83-B83,"") | H83: =IF(AND(ISNUMBER(C83),ISNUMBER($F83)),$F83-C83,"")
A84: UK000058 | E84: Tesis Paula Collazo | F84: =IFERROR(INDEX(Pozos!$M$2:$M$1852,MATCH(A84,Pozos!$E$2:$E$1852,0)),"") -> 180 | G84: =IF(AND(ISNUMBER(B84),ISNUMBER($F84)),$F84-B84,"") | H84: =IF(AND(ISNUMBER(C84),ISNUMBER($F84)),$F84-C84,"")
A85: UK000059 | E85: DINAMIGE FORMACION TACUAREMBO // Proyecto Guarani | F85: =IFERROR(INDEX(Pozos!$M$2:$M$1852,MATCH(A85,Pozos!$E$2:$E$1852,0)),"") -> 139.28 | G85: =IF(AND(ISNUMBER(B85),ISNUMBER($F85)),$F85-B85,"") | H85: =IF(AND(ISNUMBER(C85),ISNUMBER($F85)),$F85-C85,"")
A86: UK000060 | E86: PRENADER TACUAREMBO | F86: =IFERROR(INDEX(Pozos!$M$2:$M$1852,MATCH(A86,Pozos!$E$2:$E$1852,0)),"") -> 164.1 | G86: =IF(AND(ISNUMBER(B86),ISNUMBER($F86)),$F86-B86,"") | H86: =IF(AND(ISNUMBER(C86),ISNUMBER($F86)),$F86-C86,"")
A87: UK000061 | E87: Tesis Paula Collazo | F87: =IFERROR(INDEX(Pozos!$M$2:$M$1852,MATCH(A87,Pozos!$E$2:$E$1852,0)),"") -> 140 | G87: =IF(AND(ISNUMBER(B87),ISNUMBER($F87)),$F87-B87,"") | H87: =IF(AND(ISNUMBER(C87),ISNUMBER($F87)),$F87-C87,"")
A88: UK000062 | E88: TECNOAGUA | F88: =IFERROR(INDEX(Pozos!$M$2:$M$1852,MATCH(A88,Pozos!$E$2:$E$1852,0)),"") -> 153.48 | G88: =IF(AND(ISNUMBER(B88),ISNUMBER($F88)),$F88-B88,"") | H88: =IF(AND(ISNUMBER(C88),ISNUMBER($F88)),$F88-C88,"")
A89: UK000063 | E89: Tesis Paula Collazo | F89: =IFERROR(INDEX(Pozos!$M$2:$M$1852,MATCH(A89,Pozos!$E$2:$E$1852,0)),"") -> 120 | G89: =IF(AND(ISNUMBER(B89),ISNUMBER($F89)),$F89-B89,"") | H89: =IF(AND(ISNUMBER(C89),ISNUMBER($F89)),$F89-C89,"")
A90: UK000064 | E90: DJ DINAGUA | F90: =IFERROR(INDEX(Pozos!$M$2:$M$1852,MATCH(A90,Pozos!$E$2:$E$1852,0)),"") -> 154.61 | G90: =IF(AND(ISNUMBER(B90),ISNUMBER($F90)),$F90-B90,"") | H90: =IF(AND(ISNUMBER(C90),ISNUMBER($F90)),$F90-C90,"")
A91: UK000065 | E91: DINAMIGE FORMACION TACUAREMBO | F91: =IFERROR(INDEX(Pozos!$M$2:$M$1852,MATCH(A91,Pozos!$E$2:$E$1852,0)),"") -> 173.76 | G91: =IF(AND(ISNUMBER(B91),ISNUMBER($F91)),$F91-B91,"") | H91: =IF(AND(ISNUMBER(C91),ISNUMBER($F91)),$F91-C91,"")
A92: UK000066 | E92: PRENADER TACUAREMBO | F92: =IFERROR(INDEX(Pozos!$M$2:$M$1852,MATCH(A92,Pozos!$E$2:$E$1852,0)),"") -> 279.28 | G92: =IF(AND(ISNUMBER(B92),ISNUMBER($F92)),$F92-B92,"") | H92: =IF(AND(ISNUMBER(C92),ISNUMBER($F92)),$F92-C92,"")
... A109: UK000074 | E109: TECNOAGUA | F109: =IFERROR(INDEX(Pozos!$M$2:$M$1852,MATCH(A109,Pozos!$E$2:$E$1852,0)),"") -> 137.32 | G109: =IF(AND(ISNUMBER(B109),ISNUMBER($F109)),$F109-B109,"") | H109: =IF(AND(ISNUMBER(C109),ISNUMBER($F109)),$F109-C109,"")
A110: UK000084 | B110: 18 | C110: 21 | E110: TECNOAGUA | F110: =IFERROR(INDEX(Pozos!$M$2:$M$1852,MATCH(A110,Pozos!$E$2:$E$1852,0)),"") -> 138.15 | G110: =IF(AND(ISNUMBER(B110),ISNUMBER($F110)),$F110-B110,"") -> 120.15 | H110: =IF(AND(ISNUMBER(C110),ISNUMBER($F110)),$F110-C110,"") -> 117.15
A111: UK000084 | B111: 25 | C111: 29 | E111: TECNOAGUA | F111: =IFERROR(INDEX(Pozos!$M$2:$M$1852,MATCH(A111,Pozos!$E$2:$E$1852,0)),"") -> 138.15 | G111: =IF(AND(ISNUMBER(B111),ISNUMBER($F111)),$F111-B111,"") -> 113.15 | H111: =IF(AND(ISNUMBER(C111),ISNUMBER($F111)),$F111-C111,"") -> 109.15
A112: UK000084 | B112: 36 | C112: 43 | E112: TECNOAGUA | F112: =IFERROR(INDEX(Pozos!$M$2:$M$1852,MATCH(A112,Pozos!$E$2:$E$1852,0)),"") -> 138.15 | G112: =IF(AND(ISNUMBER(B112),ISNUMBER($F112)),$F112-B112,"") -> 102.15 | H112: =IF(AND(ISNUMBER(C112),ISNUMBER($F112)),$F112-C112,"") -> 95.15
A113: UK000085 | E113: TECNOAGUA | F113: =IFERROR(INDEX(Pozos!$M$2:$M$1852,MATCH(A113,Pozos!$E$2:$E$1852,0)),"") -> 139.26 | G113: =IF(AND(ISNUMBER(B113),ISNUMBER($F113)),$F113-B113,"") | H113: =IF(AND(ISNUMBER(C113),ISNUMBER($F113)),$F113-C113,"")
A114: UK000086 | B114: 17 | C114: 20 | E114: TECNOAGUA | F114: =IFERROR(INDEX(Pozos!$M$2:$M$1852,MATCH(A114,Pozos!$E$2:$E$1852,0)),"") -> 139.26 | G114: =IF(AND(ISNUMBER(B114),ISNUMBER($F114)),$F114-B114,"") -> 122.26 | H114: =IF(AND(ISNUMBER(C114),ISNUMBER($F114)),$F114-C114,"") -> 119.26
A115: UK000086 | B115: 24 | C115: 29 | E115: TECNOAGUA | F115: =IFERROR(INDEX(Pozos!$M$2:$M$1852,MATCH(A115,Pozos!$E$2:$E$1852,0)),"") -> 139.26 | G115: =IF(AND(ISNUMBER(B115),ISNUMBER($F115)),$F115-B115,"") -> 115.26 | H115: =IF(AND(ISNUMBER(C115),ISNUMBER($F115)),$F115-C115,"") -> 110.26
A116: UK000086 | B116: 32 | C116: 35 | E116: TECNOAGUA | F116: =IFERROR(INDEX(Pozos!$M$2:$M$1852,MATCH(A116,Pozos!$E$2:$E$1852,0)),"") -> 139.26 | G116: =IF(AND(ISNUMBER(B116),ISNUMBER($F116)),$F116-B116,"") -> 107.26 | H116: =IF(AND(ISNUMBER(C116),ISNUMBER($F116)),$F116-C116,"") -> 104.26
A117: UK000086 | B117: 47 | C117: 50 | E117: TECNOAGUA | F117: =IFERROR(INDEX(Pozos!$M$2:$M$1852,MATCH(A117,Pozos!$E$2:$E$1852,0)),"") -> 139.26 | G117: =IF(AND(ISNUMBER(B117),ISNUMBER($F117)),$F117-B117,"") -> 92.26 | H117: =IF(AND(ISNUMBER(C117),ISNUMBER($F117)),$F117-C117,"") -> 89.26
A118: UK000087 | E118: TECNOAGUA | F118: =IFERROR(INDEX(Pozos!$M$2:$M$1852,MATCH(A118,Pozos!$E$2:$E$1852,0)),"") -> 131.07 | G118: =IF(AND(ISNUMBER(B118),ISNUMBER($F118)),$F118-B118,"") | H118: =IF(AND(ISNUMBER(C118),ISNUMBER($F118)),$F118-C118,"")
A119: UK000088 | E119: TECNOAGUA | F119: =IFERROR(INDEX(Pozos!$M$2:$M$1852,MATCH(A119,Pozos!$E$2:$E$1852,0)),"") -> 142.34 | G119: =IF(AND(ISNUMBER(B119),ISNUMBER($F119)),$F119-B119,"") | H119: =IF(AND(ISNUMBER(C119),ISNUMBER($F119)),$F119-C119,"")
A120: UK000089 | E120: DINAMIGE | F120: =IFERROR(INDEX(Pozos!$M$2:$M$1852,MATCH(A120,Pozos!$E$2:$E$1852,0)),"") -> 134.8 | G120: =IF(AND(ISNUMBER(B120),ISNUMBER($F120)),$F120-B120,"") | H120: =IF(AND(ISNUMBER(C120),ISNUMBER($F120)),$F120-C120,"")
A121: UK000090 | E121: TECNOAGUA | F121: =IFERROR(INDEX(Pozos!$M$2:$M$1852,MATCH(A121,Pozos!$E$2:$E$1852,0)),"") -> 156.48 | G121: =IF(AND(ISNUMBER(B121),ISNUMBER($F121)),$F121-B121,"") | H121: =IF(AND(ISNUMBER(C121),ISNUMBER($F121)),$F121-C121,"")
A122: UK000091 | E122: TECNOAGUA | F122: =IFERROR(INDEX(Pozos!$M$2:$M$1852,MATCH(A122,Pozos!$E$2:$E$1852,0)),"") -> 133.99 | G122: =IF(AND(ISNUMBER(B122),ISNUMBER($F122)),$F122-B122,"") | H122: =IF(AND(ISNUMBER(C122),ISNUMBER($F122)),$F122-C122,"")
A123: UK000092 | E123: Tesis Paula Collazo | F123: =IFERROR(INDEX(Pozos!$M$2:$M$1852,MATCH(A123,Pozos!$E$2:$E$1852,0)),"") -> 130 | G123: =IF(AND(ISNUMBER(B123),ISNUMBER($F123)),$F123-B123,"") | H123: =IF(AND(ISNUMBER(C123),ISNUMBER($F123)),$F123-C123,"")
...

Sheet Litología
A1: Cod UK | B1: Inicio | C1: Fin | D1: Inicio Acotado | E1: Fin Acotado | F1: Litologia | G1: Formacion | H1: Fuente BD | I1: Observaciones | J1: Z_boca (m) | K1: Litologia_simplificada | L1: Unidad_hidro (propuesta) | M1: Version_tramos | N1: Control | O1: Formacion_unificada | P1: Origen_formacion
A2: UK000001 | B2: 0 | C2: 1 | D2: =IF(AND(ISNUMBER(B2),ISNUMBER($J2)),$J2-B2,"") -> 160.6 | E2: =IF(AND(ISNUMBER(C2),ISNUMBER($J2)),$J2-C2,"") -> 159.6 | F2: Suelo arenoso marrón oscuro | G2: Actual | H2: MEVIR - MATRIN | J2: =IFERROR(INDEX(Pozos!$M$2:$M$1852,MATCH(A2,Pozos!$E$2:$E$1852,0)),"") -> 160.6 | K2: Suelo / relleno | L2: Zona no saturada / cobertura | O2: Actual | P2: original
A3: UK000001 | B3: 4 | C3: 15 | D3: =IF(AND(ISNUMBER(B3),ISNUMBER($J3)),$J3-B3,"") -> 156.6 | E3: =IF(AND(ISNUMBER(C3),ISNUMBER($J3)),$J3-C3,"") -> 145.6 | F3: Sedimento arcillo arenoso violáceo | G3: Fm Tacuarembo | H3: MEVIR - MATRIN | J3: =IFERROR(INDEX(Pozos!$M$2:$M$1852,MATCH(A3,Pozos!$E$2:$E$1852,0)),"") -> 160.6 | K3: Arcilla | L3: Acuitardo / acuícludo | N3: Hueco de 3.00 m con tramo anterior | O3: Fm Tacuarembo | P3: original
A4: UK000001 | B4: 15 | C4: 18 | D4: =IF(AND(ISNUMBER(B4),ISNUMBER($J4)),$J4-B4,"") -> 145.6 | E4: =IF(AND(ISNUMBER(C4),ISNUMBER($J4)),$J4-C4,"") -> 142.6 | F4: Sedimento arenoso muy fino rosado | G4: Fm Tacuarembo | H4: MEVIR - MATRIN | J4: =IFERROR(INDEX(Pozos!$M$2:$M$1852,MATCH(A4,Pozos!$E$2:$E$1852,0)),"") -> 160.6 | K4: Arena fina | L4: Acuífero (poroso) | O4: Fm Tacuarembo | P4: original
A5: UK000001 | B5: 18 | C5: 22 | D5: =IF(AND(ISNUMBER(B5),ISNUMBER($J5)),$J5-B5,"") -> 142.6 | E5: =IF(AND(ISNUMBER(C5),ISNUMBER($J5)),$J5-C5,"") -> 138.6 | F5: Sedimento arenoso fino violáceo | G5: Fm Tacuarembo | H5: MEVIR - MATRIN | J5: =IFERROR(INDEX(Pozos!$M$2:$M$1852,MATCH(A5,Pozos!$E$2:$E$1852,0)),"") -> 160.6 | K5: Arena fina | L5: Acuífero (poroso) | O5: Fm Tacuarembo | P5: original
A6: UK000001 | B6: 22 | C6: 29 | D6: =IF(AND(ISNUMBER(B6),ISNUMBER($J6)),$J6-B6,"") -> 138.6 | E6: =IF(AND(ISNUMBER(C6),ISNUMBER($J6)),$J6-C6,"") -> 131.6 | F6: Sedimento arcillo arenoso violáceo | G6: Fm Tacuarembo | H6: MEVIR - MATRIN | J6: =IFERROR(INDEX(Pozos!$M$2:$M$1852,MATCH(A6,Pozos!$E$2:$E$1852,0)),"") -> 160.6 | K6: Arcilla | L6: Acuitardo / acuícludo | O6: Fm Tacuarembo | P6: original
A7: UK000001 | B7: 29 | C7: 30 | D7: =IF(AND(ISNUMBER(B7),ISNUMBER($J7)),$J7-B7,"") -> 131.6 | E7: =IF(AND(ISNUMBER(C7),ISNUMBER($J7)),$J7-C7,"") -> 130.6 | F7: Sedimento arcillo arenoso violáceo | G7: Fm Tacuarembo | H7: MEVIR - MATRIN | J7: =IFERROR(INDEX(Pozos!$M$2:$M$1852,MATCH(A7,Pozos!$E$2:$E$1852,0)),"") -> 160.6 | K7: Arcilla | L7: Acuitardo / acuícludo | O7: Fm Tacuarembo | P7: original
A8: UK000002 | B8: 0 | C8: 1.3 | D8: =IF(AND(ISNUMBER(B8),ISNUMBER($J8)),$J8-B8,"") -> 180.73 | E8: =IF(AND(ISNUMBER(C8),ISNUMBER($J8)),$J8-C8,"") -> 179.43 | F8: Basalto | G8: Fm Arapey | H8: TECNOAGUA | J8: =IFERROR(INDEX(Pozos!$M$2:$M$1852,MATCH(A8,Pozos!$E$2:$E$1852,0)),"") -> 180.73 | K8: Basalto | L8: Acuífero fisurado (variable) | O8: Fm Arapey | P8: original
A9: UK000002 | B9: 1.3 | C9: 44 | D9: =IF(AND(ISNUMBER(B9),ISNUMBER($J9)),$J9-B9,"") -> 179.43 | E9: =IF(AND(ISNUMBER(C9),ISNUMBER($J9)),$J9-C9,"") -> 136.73 | F9: Areniscas finas a muy finas, arcillosas, blanquecinas a rosadas | G9: Fm Tacuarembo | H9: TECNOAGUA | J9: =IFERROR(INDEX(Pozos!$M$2:$M$1852,MATCH(A9,Pozos!$E$2:$E$1852,0)),"") -> 180.73 | K9: Arenisca | L9: Acuífero (poroso consolidado) | O9: Fm Tacuarembo | P9: original
A10: UK000003 | D10: =IF(AND(ISNUMBER(B10),ISNUMBER($J10)),$J10-B10,"") | E10: =IF(AND(ISNUMBER(C10),ISNUMBER($J10)),$J10-C10,"") | F10: Sin descripcion | G10: Sin dato | H10: DINAMIGE PRIVADOS | J10: =IFERROR(INDEX(Pozos!$M$2:$M$1852,MATCH(A10,Pozos!$E$2:$E$1852,0)),"") -> 249.57 | K10: Sin descripción | P10: sin dato
A11: UK000004 | D11: =IF(AND(ISNUMBER(B11),ISNUMBER($J11)),$J11-B11,"") | E11: =IF(AND(ISNUMBER(C11),ISNUMBER($J11)),$J11-C11,"") | F11: Sin descripcion | G11: Sin dato | H11: DINAMIGE PRIVADOS | J11: =IFERROR(INDEX(Pozos!$M$2:$M$1852,MATCH(A11,Pozos!$E$2:$E$1852,0)),"") -> 254.03 | K11: Sin descripción | P11: sin dato
A12: UK000005 | B12: 0 | C12: 45 | D12: =IF(AND(ISNUMBER(B12),ISNUMBER($J12)),$J12-B12,"") -> 133.52 | E12: =IF(AND(ISNUMBER(C12),ISNUMBER($J12)),$J12-C12,"") -> 88.52 | F12: Sin descripcion | G12: Sin dato | H12: DJ DINAGUA | J12: =IFERROR(INDEX(Pozos!$M$2:$M$1852,MATCH(A12,Pozos!$E$2:$E$1852,0)),"") -> 133.52 | K12: Sin descripción | P12: sin dato
A13: UK000006 | B13: 0 | C13: 2 | D13: =IF(AND(ISNUMBER(B13),ISNUMBER($J13)),$J13-B13,"") -> 158.71 | E13: =IF(AND(ISNUMBER(C13),ISNUMBER($J13)),$J13-C13,"") -> 156.71 | F13: Suelo y sedimentos areno arcillosos, color pardo | G13: Actual | H13: Tecnoagua | J13: =IFERROR(INDEX(Pozos!$M$2:$M$1852,MATCH(A13,Pozos!$E$2:$E$1852,0)),"") -> 158.71 | K13: Suelo / relleno | L13: Zona no saturada / cobertura | O13: Actual | P13: original
A14: UK000006 | B14: 2 | C14: 37 | D14: =IF(AND(ISNUMBER(B14),ISNUMBER($J14)),$J14-B14,"") -> 156.71 | E14: =IF(AND(ISNUMBER(C14),ISNUMBER($J14)),$J14-C14,"") -> 121.71 | F14: Areniscas finas a muy finas, arcillosas, colores blanquecinos a rosados | G14: Fm Tacuarembo | H14: Tecnoagua | J14: =IFERROR(INDEX(Pozos!$M$2:$M$1852,MATCH(A14,Pozos!$E$2:$E$1852,0)),"") -> 158.71 | K14: Arenisca | L14: Acuífero (poroso consolidado) | O14: Fm Tacuarembo | P14: original
A15: UK000006 | B15: 37 | C15: 55 | D15: =IF(AND(ISNUMBER(B15),ISNUMBER($J15)),$J15-B15,"") -> 121.71 | E15: =IF(AND(ISNUMBER(C15),ISNUMBER($J15)),$J15-C15,"") -> 103.71 | F15: Areniscas muy finas, arcillosas y siltitos rojizos | G15: Fm Tacuarembo | H15: Tecnoagua | J15: =IFERROR(INDEX(Pozos!$M$2:$M$1852,MATCH(A15,Pozos!$E$2:$E$1852,0)),"") -> 158.71 | K15: Arenisca | L15: Acuífero (poroso consolidado) | O15: Fm Tacuarembo | P15: original
A16: UK000007 | B16: 0 | C16: 18 | D16: =IF(AND(ISNUMBER(B16),ISNUMBER($J16)),$J16-B16,"") -> 195.12 | E16: =IF(AND(ISNUMBER(C16),ISNUMBER($J16)),$J16-C16,"") -> 177.12 | F16: Areniscas muy finas a finas, arcillosas, ocre pálido | G16: Fm Tacuarembo | H16: TECNOAGUA | J16: =IFERROR(INDEX(Pozos!$M$2:$M$1852,MATCH(A16,Pozos!$E$2:$E$1852,0)),"") -> 195.12 | K16: Arenisca | L16: Acuífero (poroso consolidado) | O16: Fm Tacuarembo | P16: original
A17: UK000007 | B17: 18 | C17: 24 | D17: =IF(AND(ISNUMBER(B17),ISNUMBER($J17)),$J17-B17,"") -> 177.12 | E17: =IF(AND(ISNUMBER(C17),ISNUMBER($J17)),$J17-C17,"") -> 171.12 | F17: Areniscas finas a muy finas, arcillosas, rosado | G17: Fm Tacuarembo | H17: TECNOAGUA | J17: =IFERROR(INDEX(Pozos!$M$2:$M$1852,MATCH(A17,Pozos!$E$2:$E$1852,0)),"") -> 195.12 | K17: Arenisca | L17: Acuífero (poroso consolidado) | O17: Fm Tacuarembo | P17: original
A18: UK000007 | B18: 24 | C18: 30 | D18: =IF(AND(ISNUMBER(B18),ISNUMBER($J18)),$J18-B18,"") -> 171.12 | E18: =IF(AND(ISNUMBER(C18),ISNUMBER($J18)),$J18-C18,"") -> 165.12 | F18: Areniscas finas, arcillosas, rojizas | G18: Fm Tacuarembo | H18: TECNOAGUA | J18: =IFERROR(INDEX(Pozos!$M$2:$M$1852,MATCH(A18,Pozos!$E$2:$E$1852,0)),"") -> 195.12 | K18: Arenisca | L18: Acuífero (poroso consolidado) | O18: Fm Tacuarembo | P18: original
A19: UK000007 | B19: 30 | C19: 53 | D19: =IF(AND(ISNUMBER(B19),ISNUMBER($J19)),$J19-B19,"") -> 165.12 | E19: =IF(AND(ISNUMBER(C19),ISNUMBER($J19)),$J19-C19,"") -> 142.12 | F19: Areniscas finas, arcillosas, ocre palido | G19: Fm Tacuarembo | H19: TECNOAGUA | J19: =IFERROR(INDEX(Pozos!$M$2:$M$1852,MATCH(A19,Pozos!$E$2:$E$1852,0)),"") -> 195.12 | K19: Arenisca | L19: Acuífero (poroso consolidado) | O19: Fm Tacuarembo | P19: original
A20: UK000007 | B20: 53 | C20: 58 | D20: =IF(AND(ISNUMBER(B20),ISNUMBER($J20)),$J20-B20,"") -> 142.12 | E20: =IF(AND(ISNUMBER(C20),ISNUMBER($J20)),$J20-C20,"") -> 137.12 | F20: Areniscas finas a medias, blanquecinas | G20: Fm Tacuarembo | H20: TECNOAGUA | J20: =IFERROR(INDEX(Pozos!$M$2:$M$1852,MATCH(A20,Pozos!$E$2:$E$1852,0)),"") -> 195.12 | K20: Arenisca | L20: Acuífero (poroso consolidado) | O20: Fm Tacuarembo | P20: original
A21: UK000008 | B21: 0 | C21: 68 | D21: =IF(AND(ISNUMBER(B21),ISNUMBER($J21)),$J21-B21,"") -> 154.78 | E21: =IF(AND(ISNUMBER(C21),ISNUMBER($J21)),$J21-C21,"") -> 86.78 | F21: Arenisca | G21: Fm Tacuarembo | H21: DINAMIGE FORMACION TACUAREMBO | J21: =IFERROR(INDEX(Pozos!$M$2:$M$1852,MATCH(A21,Pozos!$E$2:$E$1852,0)),"") -> 154.78 | K21: Arenisca | L21: Acuífero (poroso consolidado) | O21: Fm Tacuarembo | P21: original
A22: UK000161 | B22: 0 | C22: 65 | D22: =IF(AND(ISNUMBER(B22),ISNUMBER($J22)),$J22-B22,"") -> 164.7 | E22: =IF(AND(ISNUMBER(C22),ISNUMBER($J22)),$J22-C22,"") -> 99.7 | F22: Areniscas finas a muy finas, arcillosas, colores blancos y rosados | G22: Fm Tacuarembo | H22: TECNOAGUA | J22: =IFERROR(INDEX(Pozos!$M$2:$M$1852,MATCH(A22,Pozos!$E$2:$E$1852,0)),"") -> 164.7 | K22: Arenisca | L22: Acuífero (poroso consolidado) | M22: 1 | N22: Litología cargada 2 veces (versión 1) | O22: Fm Tacuarembo | P22: original
A23: UK000010 | B23: 0 | C23: 2 | D23: =IF(AND(ISNUMBER(B23),ISNUMBER($J23)),$J23-B23,"") -> 176.92 | E23: =IF(AND(ISNUMBER(C23),ISNUMBER($J23)),$J23-C23,"") -> 174.92 | F23: Suelo | G23: Actual | H23: TECNOAGUA | J23: =IFERROR(INDEX(Pozos!$M$2:$M$1852,MATCH(A23,Pozos!$E$2:$E$1852,0)),"") -> 176.92 | K23: Suelo / relleno | L23: Zona no saturada / cobertura | O23: Actual | P23: original
A24: UK000010 | B24: 2 | C24: 8 | D24: =IF(AND(ISNUMBER(B24),ISNUMBER($J24)),$J24-B24,"") -> 174.92 | E24: =IF(AND(ISNUMBER(C24),ISNUMBER($J24)),$J24-C24,"") -> 168.92 | F24: Arcilla pardo claro | G24: Fm Tacuarembo | H24: TECNOAGUA | J24: =IFERROR(INDEX(Pozos!$M$2:$M$1852,MATCH(A24,Pozos!$E$2:$E$1852,0)),"") -> 176.92 | K24: Arcilla | L24: Acuitardo / acuícludo | O24: Fm Tacuarembo | P24: original
A25: UK000010 | B25: 8 | C25: 15 | D25: =IF(AND(ISNUMBER(B25),ISNUMBER($J25)),$J25-B25,"") -> 168.92 | E25: =IF(AND(ISNUMBER(C25),ISNUMBER($J25)),$J25-C25,"") -> 161.92 | F25: Areniscas finas a medias, arcillosas, litificadas, rosadas | G25: Fm Tacuarembo | H25: TECNOAGUA | J25: =IFERROR(INDEX(Pozos!$M$2:$M$1852,MATCH(A25,Pozos!$E$2:$E$1852,0)),"") -> 176.92 | K25: Arenisca | L25: Acuífero (poroso consolidado) | O25: Fm Tacuarembo | P25: original
A26: UK000010 | B26: 15 | C26: 23 | D26: =IF(AND(ISNUMBER(B26),ISNUMBER($J26)),$J26-B26,"") -> 161.92 | E26: =IF(AND(ISNUMBER(C26),ISNUMBER($J26)),$J26-C26,"") -> 153.92 | F26: Areniscas muy finas, arcillosas, litificadas, rosadas | G26: Fm Tacuarembo | H26: TECNOAGUA | J26: =IFERROR(INDEX(Pozos!$M$2:$M$1852,MATCH(A26,Pozos!$E$2:$E$1852,0)),"") -> 176.92 | K26: Arenisca | L26: Acuífero (poroso consolidado) | O26: Fm Tacuarembo | P26: original
A27: UK000010 | B27: 23 | C27: 25 | D27: =IF(AND(ISNUMBER(B27),ISNUMBER($J27)),$J27-B27,"") -> 153.92 | E27: =IF(AND(ISNUMBER(C27),ISNUMBER($J27)),$J27-C27,"") -> 151.92 | F27: Areniscas finas a medias, arcillosas, litificadas, rosadas | G27: Fm Tacuarembo | H27: TECNOAGUA | J27: =IFERROR(INDEX(Pozos!$M$2:$M$1852,MATCH(A27,Pozos!$E$2:$E$1852,0)),"") -> 176.92 | K27: Arenisca | L27: Acuífero (poroso consolidado) | O27: Fm Tacuarembo | P27: original
A28: UK000010 | B28: 25 | C28: 31 | D28: =IF(AND(ISNUMBER(B28),ISNUMBER($J28)),$J28-B28,"") -> 151.92 | E28: =IF(AND(ISNUMBER(C28),ISNUMBER($J28)),$J28-C28,"") -> 145.92 | F28: Areniscas finas a muy finas, arcillosas, litificadas. Rosadas | G28: Fm Tacuarembo | H28: TECNOAGUA | J28: =IFERROR(INDEX(Pozos!$M$2:$M$1852,MATCH(A28,Pozos!$E$2:$E$1852,0)),"") -> 176.92 | K28: Arenisca | L28: Acuífero (poroso consolidado) | O28: Fm Tacuarembo | P28: original
A29: UK000010 | B29: 31 | C29: 33 | D29: =IF(AND(ISNUMBER(B29),ISNUMBER($J29)),$J29-B29,"") -> 145.92 | E29: =IF(AND(ISNUMBER(C29),ISNUMBER($J29)),$J29-C29,"") -> 143.92 | F29: Areniscas medias a gruesas, arcillosas, litificadas, rojizas | G29: Fm Tacuarembo | H29: TECNOAGUA | J29: =IFERROR(INDEX(Pozos!$M$2:$M$1852,MATCH(A29,Pozos!$E$2:$E$1852,0)),"") -> 176.92 | K29: Arenisca | L29: Acuífero (poroso consolidado) | O29: Fm Tacuarembo | P29: original
A30: UK000010 | B30: 33 | C30: 36 | D30: =IF(AND(ISNUMBER(B30),ISNUMBER($J30)),$J30-B30,"") -> 143.92 | E30: =IF(AND(ISNUMBER(C30),ISNUMBER($J30)),$J30-C30,"") -> 140.92 | F30: Areniscas muy finas, arcillosas, litificadas, rosadas | G30: Fm Tacuarembo | H30: TECNOAGUA | J30: =IFERROR(INDEX(Pozos!$M$2:$M$1852,MATCH(A30,Pozos!$E$2:$E$1852,0)),"") -> 176.92 | K30: Arenisca | L30: Acuífero (poroso consolidado) | O30: Fm Tacuarembo | P30: original
A31: UK000010 | B31: 36 | C31: 38 | D31: =IF(AND(ISNUMBER(B31),ISNUMBER($J31)),$J31-B31,"") -> 140.92 | E31: =IF(AND(ISNUMBER(C31),ISNUMBER($J31)),$J31-C31,"") -> 138.92 | F31: Areniscas finas a medias,arcillosas, litificadas, rosadas | G31: Fm Tacuarembo | H31: TECNOAGUA | J31: =IFERROR(INDEX(Pozos!$M$2:$M$1852,MATCH(A31,Pozos!$E$2:$E$1852,0)),"") -> 176.92 | K31: Arenisca | L31: Acuífero (poroso consolidado) | O31: Fm Tacuarembo | P31: original
A32: UK000010 | B32: 38 | C32: 40 | D32: =IF(AND(ISNUMBER(B32),ISNUMBER($J32)),$J32-B32,"") -> 138.92 | E32: =IF(AND(ISNUMBER(C32),ISNUMBER($J32)),$J32-C32,"") -> 136.92 | F32: Areniscas finas a muy finas,arcillosas, litificadas, rosadas | G32: Fm Tacuarembo | H32: TECNOAGUA | J32: =IFERROR(INDEX(Pozos!$M$2:$M$1852,MATCH(A32,Pozos!$E$2:$E$1852,0)),"") -> 176.92 | K32: Arenisca | L32: Acuífero (poroso consolidado) | O32: Fm Tacuarembo | P32: original
A33: UK000011 | B33: 0 | C33: 2 | D33: =IF(AND(ISNUMBER(B33),ISNUMBER($J33)),$J33-B33,"") -> 162.68 | E33: =IF(AND(ISNUMBER(C33),ISNUMBER($J33)),$J33-C33,"") -> 160.68 | F33: Arcilla marron | G33: Fm Tacuarembo | H33: DINAMIGE FORMACION TACUAREMBO | J33: =IFERROR(INDEX(Pozos!$M$2:$M$1852,MATCH(A33,Pozos!$E$2:$E$1852,0)),"") -> 162.68 | K33: Arcilla | L33: Acuitardo / acuícludo | O33: Fm Tacuarembo | P33: original
A34: UK000011 | B34: 2 | C34: 42.5 | D34: =IF(AND(ISNUMBER(B34),ISNUMBER($J34)),$J34-B34,"") -> 160.68 | E34: =IF(AND(ISNUMBER(C34),ISNUMBER($J34)),$J34-C34,"") -> 120.18 | F34: Areniscas grises y rosadas por capas | G34: Fm Tacuarembo | H34: DINAMIGE FORMACION TACUAREMBO | J34: =IFERROR(INDEX(Pozos!$M$2:$M$1852,MATCH(A34,Pozos!$E$2:$E$1852,0)),"") -> 162.68 | K34: Arenisca | L34: Acuífero (poroso consolidado) | O34: Fm Tacuarembo | P34: original
A35: UK000012 | D35: =IF(AND(ISNUMBER(B35),ISNUMBER($J35)),$J35-B35,"") | E35: =IF(AND(ISNUMBER(C35),ISNUMBER($J35)),$J35-C35,"") | F35: Sin descripcion | G35: Sin dato | H35: DINAMIGE FORMACION TACUAREMBO | J35: =IFERROR(INDEX(Pozos!$M$2:$M$1852,MATCH(A35,Pozos!$E$2:$E$1852,0)),"") -> 147.1 | K35: Sin descripción | P35: sin dato
A36: UK000013 | B36: 0 | C36: 14 | D36: =IF(AND(ISNUMBER(B36),ISNUMBER($J36)),$J36-B36,"") -> 135.04 | E36: =IF(AND(ISNUMBER(C36),ISNUMBER($J36)),$J36-C36,"") -> 121.04 | F36: Arenisca | G36: Actual | H36: DINAMIGE FORMACION TACUAREMBO | J36: =IFERROR(INDEX(Pozos!$M$2:$M$1852,MATCH(A36,Pozos!$E$2:$E$1852,0)),"") -> 135.04 | K36: Arenisca | L36: Acuífero (poroso consolidado) | O36: Actual | P36: original
A37: UK000013 | B37: 14 | C37: 20 | D37: =IF(AND(ISNUMBER(B37),ISNUMBER($J37)),$J37-B37,"") -> 121.04 | E37: =IF(AND(ISNUMBER(C37),ISNUMBER($J37)),$J37-C37,"") -> 115.04 | F37: Arcilla | G37: Fm Tacuarembo | H37: DINAMIGE FORMACION TACUAREMBO | J37: =IFERROR(INDEX(Pozos!$M$2:$M$1852,MATCH(A37,Pozos!$E$2:$E$1852,0)),"") -> 135.04 | K37: Arcilla | L37: Acuitardo / acuícludo | O37: Fm Tacuarembo | P37: original
A38: UK000013 | B38: 20 | C38: 27.5 | D38: =IF(AND(ISNUMBER(B38),ISNUMBER($J38)),$J38-B38,"") -> 115.04 | E38: =IF(AND(ISNUMBER(C38),ISNUMBER($J38)),$J38-C38,"") -> 107.54 | F38: Arcilla con piedras | G38: Fm Tacuarembo | H38: DINAMIGE FORMACION TACUAREMBO | J38: =IFERROR(INDEX(Pozos!$M$2:$M$1852,MATCH(A38,Pozos!$E$2:$E$1852,0)),"") -> 135.04 | K38: Arcilla | L38: Acuitardo / acuícludo | O38: Fm Tacuarembo | P38: original
A39: UK000014 | B39: 0 | C39: 18 | D39: =IF(AND(ISNUMBER(B39),ISNUMBER($J39)),$J39-B39,"") -> 170 | E39: =IF(AND(ISNUMBER(C39),ISNUMBER($J39)),$J39-C39,"") -> 152 | F39: Arenisca Fina a Media, arcillosas, rojizas | G39: Actual | H39: Tesis Paula Collazo | J39: =IFERROR(INDEX(Pozos!$M$2:$M$1852,MATCH(A39,Pozos!$E$2:$E$1852,0)),"") -> 170 | K39: Arenisca | L39: Acuífero (poroso consolidado) | M39: 1 | N39: Litología cargada 2 veces (versión 1) | O39: Actual | P39: original
A40: UK000014 | B40: 18 | C40: 30 | D40: =IF(AND(ISNUMBER(B40),ISNUMBER($J40)),$J40-B40,"") -> 152 | E40: =IF(AND(ISNUMBER(C40),ISNUMBER($J40)),$J40-C40,"") -> 140 | F40: Arenisca Fina a Media Fina, | G40: Fm Tacuarembo | H40: Tesis Paula Collazo | J40: =IFERROR(INDEX(Pozos!$M$2:$M$1852,MATCH(A40,Pozos!$E$2:$E$1852,0)),"") -> 170 | K40: Arenisca | L40: Acuífero (poroso consolidado) | M40: 1 | N40: Litología cargada 2 veces (versión 1) | O40: Fm Tacuarembo | P40: original
A41: UK000014 | B41: 30 | C41: 35 | D41: =IF(AND(ISNUMBER(B41),ISNUMBER($J41)),$J41-B41,"") -> 140 | E41: =IF(AND(ISNUMBER(C41),ISNUMBER($J41)),$J41-C41,"") -> 135 | F41: Arenisca Fina, arcillosas, blanquecinas | G41: Fm Tacuarembo | H41: Tesis Paula Collazo | J41: =IFERROR(INDEX(Pozos!$M$2:$M$1852,MATCH(A41,Pozos!$E$2:$E$1852,0)),"") -> 170 | K41: Arenisca | L41: Acuífero (poroso consolidado) | M41: 1 | N41: Litología cargada 2 veces (versión 1) | O41: Fm Tacuarembo | P41: original
A42: UK000014 | B42: 35 | C42: 40 | D42: =IF(AND(ISNUMBER(B42),ISNUMBER($J42)),$J42-B42,"") -> 135 | E42: =IF(AND(ISNUMBER(C42),ISNUMBER($J42)),$J42-C42,"") -> 130 | F42: Arenisca Fina, arcillosas | G42: Fm Tacuarembo | H42: Tesis Paula Collazo | J42: =IFERROR(INDEX(Pozos!$M$2:$M$1852,MATCH(A42,Pozos!$E$2:$E$1852,0)),"") -> 170 | K42: Arenisca | L42: Acuífero (poroso consolidado) | M42: 1 | N42: Litología cargada 2 veces (versión 1) | O42: Fm Tacuarembo | P42: original
A43: UK000014 | B43: 0 | C43: 18 | D43: =IF(AND(ISNUMBER(B43),ISNUMBER($J43)),$J43-B43,"") -> 170 | E43: =IF(AND(ISNUMBER(C43),ISNUMBER($J43)),$J43-C43,"") -> 152 | F43: Arenisca Fina a Media, arcillosas, rojizas | G43: Fm Tacuarembo | H43: Tesis Paula Collazo | J43: =IFERROR(INDEX(Pozos!$M$2:$M$1852,MATCH(A43,Pozos!$E$2:$E$1852,0)),"") -> 170 | K43: Arenisca | L43: Acuífero (poroso consolidado) | M43: 2 | N43: Litología cargada 2 veces (versión 2) | O43: Fm Tacuarembo | P43: original
A44: UK000014 | B44: 18 | C44: 30 | D44: =IF(AND(ISNUMBER(B44),ISNUMBER($J44)),$J44-B44,"") -> 152 | E44: =IF(AND(ISNUMBER(C44),ISNUMBER($J44)),$J44-C44,"") -> 140 | F44: Arenisca Fina a Media Fina,arcillosas, ocres | G44: Fm Tacuarembo | H44: Tesis Paula Collazo | J44: =IFERROR(INDEX(Pozos!$M$2:$M$1852,MATCH(A44,Pozos!$E$2:$E$1852,0)),"") -> 170 | K44: Arenisca | L44: Acuífero (poroso consolidado) | M44: 2 | N44: Litología cargada 2 veces (versión 2) | O44: Fm Tacuarembo | P44: original
A45: UK000014 | B45: 30 | C45: 35 | D45: =IF(AND(ISNUMBER(B45),ISNUMBER($J45)),$J45-B45,"") -> 140 | E45: =IF(AND(ISNUMBER(C45),ISNUMBER($J45)),$J45-C45,"") -> 135 | F45: Arenisca Fina, arcillosas, blanquecinas | G45: Fm Tacuarembo | H45: Tesis Paula Collazo | J45: =IFERROR(INDEX(Pozos!$M$2:$M$1852,MATCH(A45,Pozos!$E$2:$E$1852,0)),"") -> 170 | K45: Arenisca | L45: Acuífero (poroso consolidado) | M45: 2 | N45: Litología cargada 2 veces (versión 2) | O45: Fm Tacuarembo | P45: original
A46: UK000014 | B46: 35 | C46: 40 | D46: =IF(AND(ISNUMBER(B46),ISNUMBER($J46)),$J46-B46,"") -> 135 | E46: =IF(AND(ISNUMBER(C46),ISNUMBER($J46)),$J46-C46,"") -> 130 | F46: Arenisca Fina, arcillosas | G46: Fm Tacuarembo | H46: Tesis Paula Collazo | J46: =IFERROR(INDEX(Pozos!$M$2:$M$1852,MATCH(A46,Pozos!$E$2:$E$1852,0)),"") -> 170 | K46: Arenisca | L46: Acuífero (poroso consolidado) | M46: 2 | N46: Litología cargada 2 veces (versión 2) | O46: Fm Tacuarembo | P46: original
A47: UK000015 | B47: 0 | C47: 2.5 | D47: =IF(AND(ISNUMBER(B47),ISNUMBER($J47)),$J47-B47,"") -> 145.15 | E47: =IF(AND(ISNUMBER(C47),ISNUMBER($J47)),$J47-C47,"") -> 142.65 | F47: Pedregullo | G47: Actual | H47: DINAMIGE FORMACION TACUAREMBO | J47: =IFERROR(INDEX(Pozos!$M$2:$M$1852,MATCH(A47,Pozos!$E$2:$E$1852,0)),"") -> 145.15 | K47: Grava / conglomerado | L47: Acuífero (poroso) | O47: Actual | P47: original
A48: UK000015 | B48: 2.5 | C48: 108.5 | D48: =IF(AND(ISNUMBER(B48),ISNUMBER($J48)),$J48-B48,"") -> 142.65 | E48: =IF(AND(ISNUMBER(C48),ISNUMBER($J48)),$J48-C48,"") -> 36.65 | F48: Areniscas | G48: Fm Tacuarembo | H48: DINAMIGE FORMACION TACUAREMBO | J48: =IFERROR(INDEX(Pozos!$M$2:$M$1852,MATCH(A48,Pozos!$E$2:$E$1852,0)),"") -> 145.15 | K48: Arenisca | L48: Acuífero (poroso consolidado) | O48: Fm Tacuarembo | P48: original
A49: UK000015 | B49: 108.5 | C49: 109.5 | D49: =IF(AND(ISNUMBER(B49),ISNUMBER($J49)),$J49-B49,"") -> 36.65 | E49: =IF(AND(ISNUMBER(C49),ISNUMBER($J49)),$J49-C49,"") -> 35.65 | F49: arcilla colorada | G49: Fm Arapey | H49: DINAMIGE FORMACION TACUAREMBO | J49: =IFERROR(INDEX(Pozos!$M$2:$M$1852,MATCH(A49,Pozos!$E$2:$E$1852,0)),"") -> 145.15 | K49: Arcilla | L49: Acuitardo / acuícludo | O49: Fm Arapey | P49: original
A50: UK000015 | B50: 109.5 | C50: 110 | D50: =IF(AND(ISNUMBER(B50),ISNUMBER($J50)),$J50-B50,"") -> 35.65 | E50: =IF(AND(ISNUMBER(C50),ISNUMBER($J50)),$J50-C50,"") -> 35.15 | F50: basalto | G50: Fm Arapey | H50: DINAMIGE FORMACION TACUAREMBO | J50: =IFERROR(INDEX(Pozos!$M$2:$M$1852,MATCH(A50,Pozos!$E$2:$E$1852,0)),"") -> 145.15 | K50: Basalto | L50: Acuífero fisurado (variable) | O50: Fm Arapey | P50: original
A51: UK000015 | B51: 110 | C51: 112.3 | D51: =IF(AND(ISNUMBER(B51),ISNUMBER($J51)),$J51-B51,"") -> 35.15 | E51: =IF(AND(ISNUMBER(C51),ISNUMBER($J51)),$J51-C51,"") -> 32.85 | F51: arcilla negra con esquistos gris | G51: Basamento | H51: DINAMIGE FORMACION TACUAREMBO | J51: =IFERROR(INDEX(Pozos!$M$2:$M$1852,MATCH(A51,Pozos!$E$2:$E$1852,0)),"") -> 145.15 | K51: Arcilla | L51: Acuitardo / acuícludo | O51: Basamento | P51: original
A52: UK000016 | D52: =IF(AND(ISNUMBER(B52),ISNUMBER($J52)),$J52-B52,"") | E52: =IF(AND(ISNUMBER(C52),ISNUMBER($J52)),$J52-C52,"") | F52: Sin descripcion | G52: Sin dato | H52: DINAMIGE // Tesis Paula Collazo | J52: =IFERROR(INDEX(Pozos!$M$2:$M$1852,MATCH(A52,Pozos!$E$2:$E$1852,0)),"") -> 140 | K52: Sin descripción | P52: sin dato
A53: UK000017 | D53: =IF(AND(ISNUMBER(B53),ISNUMBER($J53)),$J53-B53,"") | E53: =IF(AND(ISNUMBER(C53),ISNUMBER($J53)),$J53-C53,"") | F53: Sin descripcion | G53: Sin dato | H53: DINAMIGE FORMACION TACUAREMBO | J53: =IFERROR(INDEX(Pozos!$M$2:$M$1852,MATCH(A53,Pozos!$E$2:$E$1852,0)),"") -> 156.66 | K53: Sin descripción | P53: sin dato
A54: UK000018 | B54: 0 | C54: 1 | D54: =IF(AND(ISNUMBER(B54),ISNUMBER($J54)),$J54-B54,"") -> 176.9 | E54: =IF(AND(ISNUMBER(C54),ISNUMBER($J54)),$J54-C54,"") -> 175.9 | F54: Suelo arenoso | G54: Actual | H54: DINAMIGE FORMACION TACUAREMBO | J54: =IFERROR(INDEX(Pozos!$M$2:$M$1852,MATCH(A54,Pozos!$E$2:$E$1852,0)),"") -> 176.9 | K54: Suelo / relleno | L54: Zona no saturada / cobertura | O54: Actual | P54: original
A55: UK000018 | B55: 1 | C55: 8 | D55: =IF(AND(ISNUMBER(B55),ISNUMBER($J55)),$J55-B55,"") -> 175.9 | E55: =IF(AND(ISNUMBER(C55),ISNUMBER($J55)),$J55-C55,"") -> 168.9 | F55: Arenisca rosada | G55: Fm Tacuarembo | H55: DINAMIGE FORMACION TACUAREMBO | J55: =IFERROR(INDEX(Pozos!$M$2:$M$1852,MATCH(A55,Pozos!$E$2:$E$1852,0)),"") -> 176.9 | K55: Arenisca | L55: Acuífero (poroso consolidado) | O55: Fm Tacuarembo | P55: original
A56: UK000018 | B56: 8 | C56: 16 | D56: =IF(AND(ISNUMBER(B56),ISNUMBER($J56)),$J56-B56,"") -> 168.9 | E56: =IF(AND(ISNUMBER(C56),ISNUMBER($J56)),$J56-C56,"") -> 160.9 | F56: Arenisca marron | G56: Fm Tacuarembo | H56: DINAMIGE FORMACION TACUAREMBO | J56: =IFERROR(INDEX(Pozos!$M$2:$M$1852,MATCH(A56,Pozos!$E$2:$E$1852,0)),"") -> 176.9 | K56: Arenisca | L56: Acuífero (poroso consolidado) | O56: Fm Tacuarembo | P56: original
A57: UK000018 | B57: 16 | C57: 24 | D57: =IF(AND(ISNUMBER(B57),ISNUMBER($J57)),$J57-B57,"") -> 160.9 | E57: =IF(AND(ISNUMBER(C57),ISNUMBER($J57)),$J57-C57,"") -> 152.9 | F57: Arenisca blanca | G57: Fm Tacuarembo | H57: DINAMIGE FORMACION TACUAREMBO | J57: =IFERROR(INDEX(Pozos!$M$2:$M$1852,MATCH(A57,Pozos!$E$2:$E$1852,0)),"") -> 176.9 | K57: Arenisca | L57: Acuífero (poroso consolidado) | O57: Fm Tacuarembo | P57: original
A58: UK000018 | B58: 24 | C58: 33 | D58: =IF(AND(ISNUMBER(B58),ISNUMBER($J58)),$J58-B58,"") -> 152.9 | E58: =IF(AND(ISNUMBER(C58),ISNUMBER($J58)),$J58-C58,"") -> 143.9 | F58: Arenisca rosada | G58: Fm Tacuarembo | H58: DINAMIGE FORMACION TACUAREMBO | J58: =IFERROR(INDEX(Pozos!$M$2:$M$1852,MATCH(A58,Pozos!$E$2:$E$1852,0)),"") -> 176.9 | K58: Arenisca | L58: Acuífero (poroso consolidado) | O58: Fm Tacuarembo | P58: original
A59: UK000019 | D59: =IF(AND(ISNUMBER(B59),ISNUMBER($J59)),$J59-B59,"") | E59: =IF(AND(ISNUMBER(C59),ISNUMBER($J59)),$J59-C59,"") | F59: Sin descripcion | G59: Sin dato | H59: DINAMIGE FORMACION TACUAREMBO // Tesis Paula Collazo | J59: =IFERROR(INDEX(Pozos!$M$2:$M$1852,MATCH(A59,Pozos!$E$2:$E$1852,0)),"") -> 142 | K59: Sin descripción | P59: sin dato
A60: UK000020 | B60: 0 | C60: 24.2 | D60: =IF(AND(ISNUMBER(B60),ISNUMBER($J60)),$J60-B60,"") -> 181.78 | E60: =IF(AND(ISNUMBER(C60),ISNUMBER($J60)),$J60-C60,"") -> 157.58 | F60: Arenisca | G60: Fm Tacuarembo | H60: DINAMIGE FORMACION TACUAREMBO | J60: =IFERROR(INDEX(Pozos!$M$2:$M$1852,MATCH(A60,Pozos!$E$2:$E$1852,0)),"") -> 181.78 | K60: Arenisca | L60: Acuífero (poroso consolidado) | O60: Fm Tacuarembo | P60: original
A61: UK000022 | B61: 0 | D61: =IF(AND(ISNUMBER(B61),ISNUMBER($J61)),$J61-B61,"") -> 211.8 | E61: =IF(AND(ISNUMBER(C61),ISNUMBER($J61)),$J61-C61,"") | F61: Arcilla y arenisca | G61: Actual | H61: DINAMIGE FORMACION TACUAREMBO | J61: =IFERROR(INDEX(Pozos!$M$2:$M$1852,MATCH(A61,Pozos!$E$2:$E$1852,0)),"") -> 211.8 | K61: Arcilla | L61: Acuitardo / acuícludo | O61: Actual | P61: original
A62: UK000023 | B62: 0 | C62: 1 | D62: =IF(AND(ISNUMBER(B62),ISNUMBER($J62)),$J62-B62,"") -> 169.11 | E62: =IF(AND(ISNUMBER(C62),ISNUMBER($J62)),$J62-C62,"") -> 168.11 | F62: Basalto muy alterado violáceo | G62: Fm Arapey | H62: MEVIR - MATRIN | J62: =IFERROR(INDEX(Pozos!$M$2:$M$1852,MATCH(A62,Pozos!$E$2:$E$1852,0)),"") -> 169.11 | K62: Basalto | L62: Acuífero fisurado (variable) | O62: Fm Arapey | P62: original
A63: UK000023 | B63: 1 | C63: 6 | D63: =IF(AND(ISNUMBER(B63),ISNUMBER($J63)),$J63-B63,"") -> 168.11 | E63: =IF(AND(ISNUMBER(C63),ISNUMBER($J63)),$J63-C63,"") -> 163.11 | F63: Basalto violáceo | G63: Fm Arapey | H63: MEVIR - MATRIN | J63: =IFERROR(INDEX(Pozos!$M$2:$M$1852,MATCH(A63,Pozos!$E$2:$E$1852,0)),"") -> 169.11 | K63: Basalto | L63: Acuífero fisurado (variable) | O63: Fm Arapey | P63: original
A64: UK000023 | B64: 6 | C64: 9 | D64: =IF(AND(ISNUMBER(B64),ISNUMBER($J64)),$J64-B64,"") -> 163.11 | E64: =IF(AND(ISNUMBER(C64),ISNUMBER($J64)),$J64-C64,"") -> 160.11 | F64: Sedim arenoso muy fino rojizo | G64: Fm Tacuarembo | H64: MEVIR - MATRIN | J64: =IFERROR(INDEX(Pozos!$M$2:$M$1852,MATCH(A64,Pozos!$E$2:$E$1852,0)),"") -> 169.11 | K64: Arena fina | L64: Acuífero (poroso) | O64: Fm Tacuarembo | P64: original
A65: UK000023 | B65: 9 | C65: 12 | D65: =IF(AND(ISNUMBER(B65),ISNUMBER($J65)),$J65-B65,"") -> 160.11 | E65: =IF(AND(ISNUMBER(C65),ISNUMBER($J65)),$J65-C65,"") -> 157.11 | F65: Sedim arenoso muy fino más anaranjado | G65: Fm Tacuarembo | H65: MEVIR - MATRIN | J65: =IFERROR(INDEX(Pozos!$M$2:$M$1852,MATCH(A65,Pozos!$E$2:$E$1852,0)),"") -> 169.11 | K65: Arena fina | L65: Acuífero (poroso) | O65: Fm Tacuarembo | P65: original
A66: UK000023 | B66: 12 | C66: 14 | D66: =IF(AND(ISNUMBER(B66),ISNUMBER($J66)),$J66-B66,"") -> 157.11 | E66: =IF(AND(ISNUMBER(C66),ISNUMBER($J66)),$J66-C66,"") -> 155.11 | F66: Sedim arenoso muy fino rojizo | G66: Fm Tacuarembo | H66: MEVIR - MATRIN | J66: =IFERROR(INDEX(Pozos!$M$2:$M$1852,MATCH(A66,Pozos!$E$2:$E$1852,0)),"") -> 169.11 | K66: Arena fina | L66: Acuífero (poroso) | O66: Fm Tacuarembo | P66: original
A67: UK000023 | B67: 14 | C67: 27 | D67: =IF(AND(ISNUMBER(B67),ISNUMBER($J67)),$J67-B67,"") -> 155.11 | E67: =IF(AND(ISNUMBER(C67),ISNUMBER($J67)),$J67-C67,"") -> 142.11 | F67: Sedim arenoso muy fino más anaranjado | G67: Fm Tacuarembo | H67: MEVIR - MATRIN | J67: =IFERROR(INDEX(Pozos!$M$2:$M$1852,MATCH(A67,Pozos!$E$2:$E$1852,0)),"") -> 169.11 | K67: Arena fina | L67: Acuífero (poroso) | O67: Fm Tacuarembo | P67: original
A68: UK000023 | B68: 27 | C68: 35 | D68: =IF(AND(ISNUMBER(B68),ISNUMBER($J68)),$J68-B68,"") -> 142.11 | E68: =IF(AND(ISNUMBER(C68),ISNUMBER($J68)),$J68-C68,"") -> 134.11 | F68: Sedim arcillo arenoso beige | G68: Fm Tacuarembo | H68: MEVIR - MATRIN | J68: =IFERROR(INDEX(Pozos!$M$2:$M$1852,MATCH(A68,Pozos!$E$2:$E$1852,0)),"") -> 169.11 | K68: Arcilla | L68: Acuitardo / acuícludo | O68: Fm Tacuarembo | P68: original
A69: UK000024 | B69: 0 | C69: 50.5 | D69: =IF(AND(ISNUMBER(B69),ISNUMBER($J69)),$J69-B69,"") -> 165.23 | E69: =IF(AND(ISNUMBER(C69),ISNUMBER($J69)),$J69-C69,"") -> 114.73 | F69: Areniscas muy finas, arcillosas, blanquecinas | G69: Fm Tacuarembo | H69: TECNOAGUA | J69: =IFERROR(INDEX(Pozos!$M$2:$M$1852,MATCH(A69,Pozos!$E$2:$E$1852,0)),"") -> 165.23 | K69: Arenisca | L69: Acuífero (poroso consolidado) | O69: Fm Tacuarembo | P69: original
A70: UK000024 | B70: 50.5 | C70: 52 | D70: =IF(AND(ISNUMBER(B70),ISNUMBER($J70)),$J70-B70,"") -> 114.73 | E70: =IF(AND(ISNUMBER(C70),ISNUMBER($J70)),$J70-C70,"") -> 113.23 | F70: Siltitos rojizos | G70: Fm Tacuarembo | H70: TECNOAGUA | J70: =IFERROR(INDEX(Pozos!$M$2:$M$1852,MATCH(A70,Pozos!$E$2:$E$1852,0)),"") -> 165.23 | K70: Pelita (roca) | L70: Acuitardo / acuícludo | O70: Fm Tacuarembo | P70: original
A71: UK000025 | B71: 0 | C71: 3 | D71: =IF(AND(ISNUMBER(B71),ISNUMBER($J71)),$J71-B71,"") -> 160 | E71: =IF(AND(ISNUMBER(C71),ISNUMBER($J71)),$J71-C71,"") -> 157 | F71: Basalto equigranular, grano fino | G71: Fm Arapey | H71: Tesis Paula Collazo | J71: =IFERROR(INDEX(Pozos!$M$2:$M$1852,MATCH(A71,Pozos!$E$2:$E$1852,0)),"") -> 160 | K71: Basalto | L71: Acuífero fisurado (variable) | O71: Fm Arapey | P71: original
A72: UK000025 | B72: 3 | C72: 4.5 | D72: =IF(AND(ISNUMBER(B72),ISNUMBER($J72)),$J72-B72,"") -> 157 | E72: =IF(AND(ISNUMBER(C72),ISNUMBER($J72)),$J72-C72,"") -> 155.5 | F72: Arenisca media fina, arcillosa, violácea | G72: Fm Tacuarembo | H72: Tesis Paula Collazo | J72: =IFERROR(INDEX(Pozos!$M$2:$M$1852,MATCH(A72,Pozos!$E$2:$E$1852,0)),"") -> 160 | K72: Arenisca | L72: Acuífero (poroso consolidado) | O72: Fm Tacuarembo | P72: original
A73: UK000025 | B73: 4.5 | C73: 7.5 | D73: =IF(AND(ISNUMBER(B73),ISNUMBER($J73)),$J73-B73,"") -> 155.5 | E73: =IF(AND(ISNUMBER(C73),ISNUMBER($J73)),$J73-C73,"") -> 152.5 | F73: Arenisca fina a media, rojiza | G73: Fm Tacuarembo | H73: Tesis Paula Collazo | J73: =IFERROR(INDEX(Pozos!$M$2:$M$1852,MATCH(A73,Pozos!$E$2:$E$1852,0)),"") -> 160 | K73: Arenisca | L73: Acuífero (poroso consolidado) | O73: Fm Tacuarembo | P73: original
... A90: UK000028 | B90: 0 | C90: 245.6 | D90: =IF(AND(ISNUMBER(B90),ISNUMBER($J90)),$J90-B90,"") -> 179.16 | E90: =IF(AND(ISNUMBER(C90),ISNUMBER($J90)),$J90-C90,"") -> -66.44 | F90: Areniscas, limolitas y lutitas blanco y rosado | G90: Fm Tacuarembo | H90: DINAMIGE FORMACION TACUAREMBO | J90: =IFERROR(INDEX(Pozos!$M$2:$M$1852,MATCH(A90,Pozos!$E$2:$E$1852,0)),"") -> 179.16 | K90: Arenisca | L90: Acuífero (poroso consolidado) | O90: Fm Tacuarembo | P90: original
A91: UK000028 | B91: 245.55 | C91: 359.7 | D91: =IF(AND(ISNUMBER(B91),ISNUMBER($J91)),$J91-B91,"") -> -66.39 | E91: =IF(AND(ISNUMBER(C91),ISNUMBER($J91)),$J91-C91,"") -> -180.54 | F91: Areniscas y limolitas | G91: Fm Tacuarembo | H91: DINAMIGE FORMACION TACUAREMBO | J91: =IFERROR(INDEX(Pozos!$M$2:$M$1852,MATCH(A91,Pozos!$E$2:$E$1852,0)),"") -> 179.16 | K91: Arenisca | L91: Acuífero (poroso consolidado) | N91: Superpone 0.05 m con tramo anterior | O91: Fm Tacuarembo | P91: original
A92: UK000028 | B92: 359.7 | C92: 579 | D92: =IF(AND(ISNUMBER(B92),ISNUMBER($J92)),$J92-B92,"") -> -180.54 | E92: =IF(AND(ISNUMBER(C92),ISNUMBER($J92)),$J92-C92,"") -> -399.84 | F92: Siltitos y limolitas, algo areniscas, grises y rogos | G92: Fm Tacuarembo | H92: DINAMIGE FORMACION TACUAREMBO | J92: =IFERROR(INDEX(Pozos!$M$2:$M$1852,MATCH(A92,Pozos!$E$2:$E$1852,0)),"") -> 179.16 | K92: Pelita (roca) | L92: Acuitardo / acuícludo | O92: Fm Tacuarembo | P92: original
A93: UK000028 | B93: 579 | C93: 696 | D93: =IF(AND(ISNUMBER(B93),ISNUMBER($J93)),$J93-B93,"") -> -399.84 | E93: =IF(AND(ISNUMBER(C93),ISNUMBER($J93)),$J93-C93,"") -> -516.84 | F93: Areniscas finas,Cuarzo, pardo, blanco y gris, algo limolitas | G93: Fm Tacuarembo | H93: DINAMIGE FORMACION TACUAREMBO | J93: =IFERROR(INDEX(Pozos!$M$2:$M$1852,MATCH(A93,Pozos!$E$2:$E$1852,0)),"") -> 179.16 | K93: Arenisca | L93: Acuífero (poroso consolidado) | O93: Fm Tacuarembo | P93: original
A94: UK000028 | B94: 696 | C94: 702 | D94: =IF(AND(ISNUMBER(B94),ISNUMBER($J94)),$J94-B94,"") -> -516.84 | E94: =IF(AND(ISNUMBER(C94),ISNUMBER($J94)),$J94-C94,"") -> -522.84 | F94: Basamento | G94: Basamento | H94: DINAMIGE FORMACION TACUAREMBO | J94: =IFERROR(INDEX(Pozos!$M$2:$M$1852,MATCH(A94,Pozos!$E$2:$E$1852,0)),"") -> 179.16 | K94: Basamento cristalino | L94: Basamento (acuífugo, salvo fracturas) | O94: Basamento | P94: original
A95: UK000029 | B95: 0 | C95: 41 | D95: =IF(AND(ISNUMBER(B95),ISNUMBER($J95)),$J95-B95,"") -> 170.35 | E95: =IF(AND(ISNUMBER(C95),ISNUMBER($J95)),$J95-C95,"") -> 129.35 | F95: Arenisca | G95: Fm Tacuarembo | H95: DJ DINAGUA | J95: =IFERROR(INDEX(Pozos!$M$2:$M$1852,MATCH(A95,Pozos!$E$2:$E$1852,0)),"") -> 170.35 | K95: Arenisca | L95: Acuífero (poroso consolidado) | O95: Fm Tacuarembo | P95: original
A96: UK000030 | B96: 0 | C96: 53.3 | D96: =IF(AND(ISNUMBER(B96),ISNUMBER($J96)),$J96-B96,"") -> 190.17 | E96: =IF(AND(ISNUMBER(C96),ISNUMBER($J96)),$J96-C96,"") -> 136.87 | F96: Arcilla y arenisca | G96: Fm Tacuarembo | H96: DINAMIGE FORMACION TACUAREMBO | J96: =IFERROR(INDEX(Pozos!$M$2:$M$1852,MATCH(A96,Pozos!$E$2:$E$1852,0)),"") -> 190.17 | K96: Arcilla | L96: Acuitardo / acuícludo | O96: Fm Tacuarembo | P96: original
A97: UK000031 | D97: =IF(AND(ISNUMBER(B97),ISNUMBER($J97)),$J97-B97,"") | E97: =IF(AND(ISNUMBER(C97),ISNUMBER($J97)),$J97-C97,"") | F97: Sin descripcion | G97: Sin dato | H97: DINAMIGE FORMACION TACUAREMBO | J97: =IFERROR(INDEX(Pozos!$M$2:$M$1852,MATCH(A97,Pozos!$E$2:$E$1852,0)),"") -> 159.07 | K97: Sin descripción | P97: sin dato
A98: UK000032 | D98: =IF(AND(ISNUMBER(B98),ISNUMBER($J98)),$J98-B98,"") | E98: =IF(AND(ISNUMBER(C98),ISNUMBER($J98)),$J98-C98,"") | F98: Sin descripcion | G98: Sin dato | H98: DINAMIGE FORMACION TACUAREMBO | J98: =IFERROR(INDEX(Pozos!$M$2:$M$1852,MATCH(A98,Pozos!$E$2:$E$1852,0)),"") -> 166.46 | K98: Sin descripción | P98: sin dato
A99: UK000033 | D99: =IF(AND(ISNUMBER(B99),ISNUMBER($J99)),$J99-B99,"") | E99: =IF(AND(ISNUMBER(C99),ISNUMBER($J99)),$J99-C99,"") | F99: Sin descripcion | G99: Sin dato | H99: DINAMIGE FORMACION TACUAREMBO | J99: =IFERROR(INDEX(Pozos!$M$2:$M$1852,MATCH(A99,Pozos!$E$2:$E$1852,0)),"") -> 167.59 | K99: Sin descripción | P99: sin dato
A100: UK000034 | D100: =IF(AND(ISNUMBER(B100),ISNUMBER($J100)),$J100-B100,"") | E100: =IF(AND(ISNUMBER(C100),ISNUMBER($J100)),$J100-C100,"") | F100: Sin descripcion | G100: Sin dato | H100: DINAMIGE FORMACION TACUAREMBO | J100: =IFERROR(INDEX(Pozos!$M$2:$M$1852,MATCH(A100,Pozos!$E$2:$E$1852,0)),"") -> 157.58 | K100: Sin descripción | P100: sin dato
A101: UK000035 | D101: =IF(AND(ISNUMBER(B101),ISNUMBER($J101)),$J101-B101,"") | E101: =IF(AND(ISNUMBER(C101),ISNUMBER($J101)),$J101-C101,"") | F101: Sin descripcion | G101: Sin dato | H101: DINAMIGE FORMACION TACUAREMBO | J101: =IFERROR(INDEX(Pozos!$M$2:$M$1852,MATCH(A101,Pozos!$E$2:$E$1852,0)),"") -> 157.01 | K101: Sin descripción | P101: sin dato
A102: UK000036 | D102: =IF(AND(ISNUMBER(B102),ISNUMBER($J102)),$J102-B102,"") | E102: =IF(AND(ISNUMBER(C102),ISNUMBER($J102)),$J102-C102,"") | F102: Sin descripcion | G102: Sin dato | H102: DINAMIGE FORMACION TACUAREMBO | J102: =IFERROR(INDEX(Pozos!$M$2:$M$1852,MATCH(A102,Pozos!$E$2:$E$1852,0)),"") -> 193.36 | K102: Sin descripción | P102: sin dato
A103: UK000037 | D103: =IF(AND(ISNUMBER(B103),ISNUMBER($J103)),$J103-B103,"") | E103: =IF(AND(ISNUMBER(C103),ISNUMBER($J103)),$J103-C103,"") | F103: Sin descripcion | G103: Sin dato | H103: DINAMIGE FORMACION TACUAREMBO | J103: =IFERROR(INDEX(Pozos!$M$2:$M$1852,MATCH(A103,Pozos!$E$2:$E$1852,0)),"") -> 164.17 | K103: Sin descripción | P103: sin dato
A104: UK000038 | D104: =IF(AND(ISNUMBER(B104),ISNUMBER($J104)),$J104-B104,"") | E104: =IF(AND(ISNUMBER(C104),ISNUMBER($J104)),$J104-C104,"") | F104: Sin descripcion | G104: Sin dato | H104: DINAMIGE FORMACION TACUAREMBO | J104: =IFERROR(INDEX(Pozos!$M$2:$M$1852,MATCH(A104,Pozos!$E$2:$E$1852,0)),"") -> 162.58 | K104: Sin descripción | P104: sin dato
A105: UK000039 | B105: 0 | C105: 66 | D105: =IF(AND(ISNUMBER(B105),ISNUMBER($J105)),$J105-B105,"") -> 146.85 | E105: =IF(AND(ISNUMBER(C105),ISNUMBER($J105)),$J105-C105,"") -> 80.85 | F105: Arenisca | G105: Fm Tacuarembo | H105: DINAMIGE FORMACION TACUAREMBO | J105: =IFERROR(INDEX(Pozos!$M$2:$M$1852,MATCH(A105,Pozos!$E$2:$E$1852,0)),"") -> 146.85 | K105: Arenisca | L105: Acuífero (poroso consolidado) | O105: Fm Tacuarembo | P105: original
A106: UK000040 | B106: 0 | C106: 1 | D106: =IF(AND(ISNUMBER(B106),ISNUMBER($J106)),$J106-B106,"") -> 146.45 | E106: =IF(AND(ISNUMBER(C106),ISNUMBER($J106)),$J106-C106,"") -> 145.45 | F106: Cantos | G106: Actual | H106: DINAMIGE FORMACION TACUAREMBO | J106: =IFERROR(INDEX(Pozos!$M$2:$M$1852,MATCH(A106,Pozos!$E$2:$E$1852,0)),"") -> 146.45 | K106: Grava / conglomerado | L106: Acuífero (poroso) | O106: Actual | P106: original
A107: UK000040 | B107: 1 | C107: 2 | D107: =IF(AND(ISNUMBER(B107),ISNUMBER($J107)),$J107-B107,"") -> 145.45 | E107: =IF(AND(ISNUMBER(C107),ISNUMBER($J107)),$J107-C107,"") -> 144.45 | F107: Arcilla | G107: Actual | H107: DINAMIGE FORMACION TACUAREMBO | J107: =IFERROR(INDEX(Pozos!$M$2:$M$1852,MATCH(A107,Pozos!$E$2:$E$1852,0)),"") -> 146.45 | K107: Arcilla | L107: Acuitardo / acuícludo | O107: Actual | P107: original
A108: UK000040 | B108: 2 | C108: 32 | D108: =IF(AND(ISNUMBER(B108),ISNUMBER($J108)),$J108-B108,"") -> 144.45 | E108: =IF(AND(ISNUMBER(C108),ISNUMBER($J108)),$J108-C108,"") -> 114.45 | F108: Arenisca | G108: Fm Tacuarembo | H108: DINAMIGE FORMACION TACUAREMBO | J108: =IFERROR(INDEX(Pozos!$M$2:$M$1852,MATCH(A108,Pozos!$E$2:$E$1852,0)),"") -> 146.45 | K108: Arenisca | L108: Acuífero (poroso consolidado) | O108: Fm Tacuarembo | P108: original
A109: UK000040 | B109: 32 | C109: 34 | D109: =IF(AND(ISNUMBER(B109),ISNUMBER($J109)),$J109-B109,"") -> 114.45 | E109: =IF(AND(ISNUMBER(C109),ISNUMBER($J109)),$J109-C109,"") -> 112.45 | F109: Arcilla | G109: Fm Tacuarembo | H109: DINAMIGE FORMACION TACUAREMBO | J109: =IFERROR(INDEX(Pozos!$M$2:$M$1852,MATCH(A109,Pozos!$E$2:$E$1852,0)),"") -> 146.45 | K109: Arcilla | L109: Acuitardo / acuícludo | O109: Fm Tacuarembo | P109: original
A110: UK000040 | B110: 34 | C110: 37 | D110: =IF(AND(ISNUMBER(B110),ISNUMBER($J110)),$J110-B110,"") -> 112.45 | E110: =IF(AND(ISNUMBER(C110),ISNUMBER($J110)),$J110-C110,"") -> 109.45 | F110: Arenisca | G110: Fm Tacuarembo | H110: DINAMIGE FORMACION TACUAREMBO | J110: =IFERROR(INDEX(Pozos!$M$2:$M$1852,MATCH(A110,Pozos!$E$2:$E$1852,0)),"") -> 146.45 | K110: Arenisca | L110: Acuífero (poroso consolidado) | O110: Fm Tacuarembo | P110: original
A111: UK000040 | B111: 37 | C111: 40 | D111: =IF(AND(ISNUMBER(B111),ISNUMBER($J111)),$J111-B111,"") -> 109.45 | E111: =IF(AND(ISNUMBER(C111),ISNUMBER($J111)),$J111-C111,"") -> 106.45 | F111: Arcilla | G111: Fm Tacuarembo | H111: DINAMIGE FORMACION TACUAREMBO | J111: =IFERROR(INDEX(Pozos!$M$2:$M$1852,MATCH(A111,Pozos!$E$2:$E$1852,0)),"") -> 146.45 | K111: Arcilla | L111: Acuitardo / acuícludo | O111: Fm Tacuarembo | P111: original
A112: UK000040 | B112: 40 | C112: 66 | D112: =IF(AND(ISNUMBER(B112),ISNUMBER($J112)),$J112-B112,"") -> 106.45 | E112: =IF(AND(ISNUMBER(C112),ISNUMBER($J112)),$J112-C112,"") -> 80.45 | F112: Arenisca | G112: Fm Tacuarembo | H112: DINAMIGE FORMACION TACUAREMBO | J112: =IFERROR(INDEX(Pozos!$M$2:$M$1852,MATCH(A112,Pozos!$E$2:$E$1852,0)),"") -> 146.45 | K112: Arenisca | L112: Acuífero (poroso consolidado) | O112: Fm Tacuarembo | P112: original
A113: UK000041 | B113: 0 | C113: 9 | D113: =IF(AND(ISNUMBER(B113),ISNUMBER($J113)),$J113-B113,"") -> 268.37 | E113: =IF(AND(ISNUMBER(C113),ISNUMBER($J113)),$J113-C113,"") -> 259.37 | F113: basalto marron oscuro | G113: Fm Arapey | H113: PRENADER TACUAREMBO | J113: =IFERROR(INDEX(Pozos!$M$2:$M$1852,MATCH(A113,Pozos!$E$2:$E$1852,0)),"") -> 268.37 | K113: Basalto | L113: Acuífero fisurado (variable) | O113: Fm Arapey | P113: original
A114: UK000041 | B114: 9 | C114: 17 | D114: =IF(AND(ISNUMBER(B114),ISNUMBER($J114)),$J114-B114,"") -> 259.37 | E114: =IF(AND(ISNUMBER(C114),ISNUMBER($J114)),$J114-C114,"") -> 251.37 | F114: basalto alterado con ceolita, algo arcilloso, agua | G114: Fm Arapey | H114: PRENADER TACUAREMBO | J114: =IFERROR(INDEX(Pozos!$M$2:$M$1852,MATCH(A114,Pozos!$E$2:$E$1852,0)),"") -> 268.37 | K114: Basalto | L114: Acuífero fisurado (variable) | O114: Fm Arapey | P114: original
A115: UK000041 | B115: 17 | C115: 24 | D115: =IF(AND(ISNUMBER(B115),ISNUMBER($J115)),$J115-B115,"") -> 251.37 | E115: =IF(AND(ISNUMBER(C115),ISNUMBER($J115)),$J115-C115,"") -> 244.37 | F115: basalto rojo alterado, vacuolas rellenas de cuarzo, agua | G115: Fm Arapey | H115: PRENADER TACUAREMBO | J115: =IFERROR(INDEX(Pozos!$M$2:$M$1852,MATCH(A115,Pozos!$E$2:$E$1852,0)),"") -> 268.37 | K115: Basalto | L115: Acuífero fisurado (variable) | O115: Fm Arapey | P115: original
A116: UK000041 | B116: 24 | C116: 25 | D116: =IF(AND(ISNUMBER(B116),ISNUMBER($J116)),$J116-B116,"") -> 244.37 | E116: =IF(AND(ISNUMBER(C116),ISNUMBER($J116)),$J116-C116,"") -> 243.37 | F116: basalto rojo alterado, vacuolas rellenas de cuarzo, agua | G116: Fm Arapey | H116: PRENADER TACUAREMBO | J116: =IFERROR(INDEX(Pozos!$M$2:$M$1852,MATCH(A116,Pozos!$E$2:$E$1852,0)),"") -> 268.37 | K116: Basalto | L116: Acuífero fisurado (variable) | O116: Fm Arapey | P116: original
...

Sheet Hidroquímica
A1: Cod UK | B1: Fecha | C1: Año | D1: Observaciones | E1: pH | F1: Alcalinidad Carbonatada (mg CaCO3/L) | G1: HCO3 mg/l | H1: Alcalinidad Bicarbonatada (mg CaCO3/L) | I1: Alcalinidad Total (mg CaCO3/L) | J1: Temp.agua (Cº) | K1: Conductividad electrica (microS/cm) | L1: O2 disuelto (mg/L) | M1: CO2 (mg/L) | N1: PO4 (mg/L) (I) | O1: N-NO2 (mg/L) (I) | P1: Sólid. totales (mg/l) | Q1: Sólidos totales disueltos (mg/L) | R1: Dureza Total (mg CaCO3/L) | S1: Cl- (mg Cl-/L) | T1: SO42- (mg SO42-/L) | U1: Fosforo total (mg/L) | V1: DBO5 (mg O2/L) | W1: DQO (mg O2/L) | X1: Carbono org. (mg/L) | Y1: F- (mg F-/L) | Z1: Ca2+ (mg Ca2+/L) | AA1: Na+ (mg Na+/L) | AB1: K+(mg K+/L) | AC1: Mg2+ (mg Mg2+/L) | AD1: Si (mg/L) | AE1: Al disuelto (mg/L) | AF1: Al (mg/L) | AG1: Li disuelto (mg/L) | AH1: Li (mg/L) | AI1: As disuelto(ug/L) | AJ1: As (ug/L) | AK1: Ba disuelto (mg/L) | AL1: Ba (mg/L) | AM1: B disuelto (mg/L) | AN1: B (mg/L) | AO1: Br (mg/L) | AP1: Cd disuelto (mg/L) | AQ1: Cd (mg/L) | AR1: Zn disuelto (mg/L) | AS1: Zn (mg/L) | AT1: Cu disuelto (mg/L) | AU1: Cu (mg/L) | AV1: Cr Total Soluble (mg/L) | AW1: Cr VI (mg/L) | AX1: Fe disuelto (mg/L) | AY1: Fe total (mg/L) | AZ1: Mn disuelto (mg/L) | BA1: Mn (mg/L) | BB1: Hg disuelto (ug/L) | BC1: Hg (ug/L) | BD1: Ni disuelto (mg/L) | BE1: Ni (mg/L) | BF1: Pb disuelto (ug/L) | BG1: Pb (ug/L) | BH1: Se disuelto (mg/L) | BI1: Se (mg/L) | BJ1: NO3 (mg/L) | BK1: N-NH4 (mg/L) | BL1: Ag | BM1: Mo | BN1: Sb | BO1: Ti | BP1: Th | BQ1: U | BR1: Be | BS1: V | BT1: Mn | BU1: Co | BV1: Ni | BW1: Error % | BX1: Fuente | BY1: He x 10-8 (cm3/g) | BZ1: Ne x 10-7 (cm3/g) | CA1: Ar x 10-4 (cm3/g) | CB1: Kr x 10-8 (cm3/g) | CC1: O2 x 10-3 (cm3/g) | CD1: N2 x 10-2 (cm3/g) | CE1: CO2 x10-3 (cm3/g) | CF1: δ18O VSMOW(‰) | CG1: δ2H VSMOW(‰) | CH1: NGT (°C) | CI1: △Ne (%) | CJ1: Fuente
A2: UK001014 | B2: 34601 | C2: 1994 | D2: Fecha de analisis 10/10/1994, Dato original Nitrito=0.0084 | E2: 7 | F2: 0 | I2: 176.6 | K2: 391 | O2: 0.0025536 | R2: 192.1 | S2: 2.8 | T2: 6 | Z2: 47.9 | AC2: 17.4 | BJ2: 75 | BK2: 0.032 | BX2: Dinamige
A3: UK001020 | B3: 27065 | C3: 1974 | D3: Fecha de analisis 20/2/1974 // En fuente original se observa "Muestra con filtraciones de 5m00, 19m00, 49m00 y 70m00." | E3: 7 | F3: 0 | I3: 80 | O3: 0 | R3: 72 | S3: 12.8 | BJ3: 10.2 | BX3: Dinamige
A4: UK001020 | B4: 27065 | C4: 1974 | D4: Fecha de analisis 20/2/1974 | E4: 7 | F4: 0 | I4: 78 | O4: 0 | R4: 72 | S4: 13.8 | BJ4: 0 | BK4: 0.064 | BX4: Dinamige
A5: UK001021 | B5: 27208 | C5: 1974 | D5: Fecha de analisis 15/7/1974 | E5: 6.6 | F5: 0 | I5: 54.5 | O5: 0 | R5: 42 | S5: 5.8 | T5: 0 | BJ5: 0 | BK5: 0.1
A6: UK001021 | B6: 44761 | C6: 2022 | E6: 6.6 | R6: 42 | S6: 5.8 | T6: 0 | BJ6: 0 | BX6: Dinamige
A7: UK001021 | B7: 45005 | C7: 2023 | J7: 9 | BA7: 0.0006 | BX7: Dinamige | CJ7: Techera
A8: UK001033 | E8: 5.9 | G8: 22.1 | K8: 50 | R8: 8.7 | S8: 1.1 | T8: 2.7 | Z8: 2.7 | AC8: 0.4 | BJ8: 0.8 | BX8: Recopilación Carrión - tabla uk_quiica_recopilacion-utm-revisado
A9: UK001053 | B9: 45035 | C9: 2023 | J9: 4 | AZ9: 0.0006 | BX9: Dinamige
A10: UK001064 | E10: 6 | I10: 248.8 | R10: 273.3 | S10: 10.8 | T10: 7.2 | Z10: 84.5 | AC10: 14.9 | BJ10: 102.05 | BX10: Proyecto SAG ANII, Dinamige
A11: UK001069 | B11: 31704 | C11: 1986 | D11: Fecha de analisis 6/11/1985 | E11: 6.8 | F11: 4.4 | I11: 46.2 | O11: 0.00608 | R11: 103 | S11: 30.38 | Y11: 0.1 | Z11: 31.2 | AA11: 9.3 | AB11: 1.94 | AC11: 6 | AF11: 0 | AY11: 0.0002 | BA11: 0 | BJ11: 0.193 | BK11: 0.166 | BX11: DINAMIGE
A12: UK000107
A13: UK001070 | B13: 31352 | C13: 1985 | D13: Fecha de analisis 19/11/1985 | E13: 6.4 | F13: 0 | I13: 19.8 | O13: 0.000608 | R13: 51 | S13: 18.6 | Y13: 0.15 | Z13: 10 | AA13: 9.6 | AB13: 1.72 | AC13: 6.2 | AF13: 0 | AY13: 0 | BA13: 0 | BJ13: 21 | BK13: 0.002 | BX13: DINAMIGE
A14: UK000011 | C14: 1986 | D14: Fecha de analisis 18/4/1986 | E14: 6.4 | F14: 0 | I14: 22 | O14: 0.011552 | R14: 21 | S14: 2.94 | T14: 0 | Y14: 0.009 | Z14: 6.06 | AA14: 3.6 | AB14: 2.6 | AC14: 1.4 | AD14: 21.2 | AF14: 0 | AY14: 0.116 | BA14: 0 | BJ14: 9.5 | BK14: 0.212 | BX14: DINAMIGE
A15: UK001102 | K15: 585 | T15: 22 | AA15: 81 | AJ15: 7.3 | BJ15: 32 | BX15: OSE
A16: UK001102 | B16: 41078 | C16: 2012 | Y16: 0.0005 | BX16: OSE
A17: UK001103 | B17: 45595 | C17: 2024 | E17: 6.7 | I17: 126 | J17: 0 | K17: 549 | O17: 0.006 | R17: 99 | S17: 67 | T17: 21 | Y17: 0.05 | BJ17: 13 | BK17: 0.31 | BX17: RESULTADOS DE ANALISIS DE LA BASE DE DATOS DEL S.I.G.L.A (Sistema Integrado de Gestión de Laboratorios) OSE ciudad del plata
A18: UK001103 | B18: 45810 | C18: 2025 | E18: 6.7 | I18: 159 | J18: 10 | K18: 1103 | O18: 0.006 | R18: 232 | S18: 197 | T18: 54 | Y18: 0.05 | BJ18: 17 | BK18: 0.31 | BX18: RESULTADOS DE ANALISIS DE LA BASE DE DATOS DEL S.I.G.L.A (Sistema Integrado de Gestión de Laboratorios) OSE ciudad del plata
A19: UK001104 | B19: 45397 | C19: 2024 | E19: 6.8 | I19: 225 | J19: 14 | K19: 923 | O19: 0.006 | R19: 184 | S19: 116 | T19: 37 | Y19: 0.05 | AO19: 7 | BJ19: 17 | BK19: 0.31 | BX19: RESULTADOS DE ANALISIS DE LA BASE DE DATOS DEL S.I.G.L.A (Sistema Integrado de Gestión de Laboratorios) OSE ciudad del plata
A20: UK001105 | B20: 45397 | C20: 2024 | E20: 6.5 | I20: 344 | J20: 14 | K20: 1332 | O20: 0.006 | R20: 344 | S20: 280 | T20: 58 | Y20: 0.05 | AA20: 143 | AJ20: 0.8 | AO20: 5 | AQ20: 0.0004 | AS20: 0.04 | AU20: 0.06 | AW20: 0.005 | BA20: 0.03 | BG20: 2 | BI20: 0.002 | BJ20: 16 | BK20: 0.31 | BX20: RESULTADOS DE ANALISIS DE LA BASE DE DATOS DEL S.I.G.L.A (Sistema Integrado de Gestión de Laboratorios) OSE ciudad del plata
A21: UK001105 | B21: 41069 | C21: 2012 | AA21: 182 | BX21: OSE
A22: UK001106 | B22: 41142 | C22: 2012 | AA22: 98 | BX22: OSE
A23: UK001108 | B23: 8/29/2012 | AA23: 48 | BX23: OSE
A24: UK000111 | D24: se asume que la alcalinidad de la tabla de Collazo es la total | E24: 7.04 | G24: 110.74 | I24: 90.77 | J24: 19 | K24: 218 | Q24: 192.69 | R24: 125.03 | S24: 8.2 | T24: 7.4 | Z24: 28.43 | AA24: 7.4 | AB24: 1.2 | AC24: 13.12 | BJ24: 7.8 | BX24: Tesis Paula Collazo - Resultados de analisis quimicos | CF24: -5.65 | CG24: -30.6 | CJ24: Tesis Paula Collazo. Fecha de análisis 6/7/05
A25: UK001112 | BH25: 0.001 | BX25: Informacion metales- ose piloto cfp (selenio en planilla origina el LD es 0.002)
A26: UK001113 | B26: 45397 | C26: 2024 | E26: 6.5 | I26: 173 | J26: 14 | K26: 3825 | O26: 0.006 | R26: 1004 | S26: 610 | T26: 112 | Y26: 0.05 | AA26: 337 | AJ26: 2 | AO26: 23 | AQ26: 0.0004 | AS26: 0.04 | AU26: 0.06 | AW26: 0.002 | BA26: 0.03 | BG26: 2 | BI26: 0.002 | BJ26: 3 | BK26: 0.31 | BX26: RESULTADOS DE ANALISIS DE LA BASE DE DATOS DEL S.I.G.L.A (Sistema Integrado de Gestión de Laboratorios) OSE ciudad del plata
A27: UK001114 | B27: 45397 | C27: 2024 | E27: 6.5 | I27: 133 | J27: 13 | K27: 2475 | O27: 0.006 | R27: 673 | S27: 610 | T27: 112 | Y27: 0.05 | AJ27: 2 | AO27: 13 | AQ27: 0.0004 | AS27: 0.04 | AU27: 0.06 | AW27: 0.002 | BA27: 0.03 | BG27: 2 | BI27: 0.002 | BK27: 0.31 | BX27: RESULTADOS DE ANALISIS DE LA BASE DE DATOS DEL S.I.G.L.A (Sistema Integrado de Gestión de Laboratorios) OSE ciudad del plata
A28: UK001119 | B28: 44854 | C28: 2022 | E28: 6.7 | I28: 195 | J28: 13 | K28: 633 | O28: 0.006 | R28: 115 | S28: 55 | T28: 21 | Y28: 0.05 | AA28: 80 | AJ28: 5 | AS28: 0.05 | AU28: 0.06 | AW28: 0.002 | BA28: 0.03 | BG28: 2 | BJ28: 19 | BK28: 0.31 | BX28: RESULTADOS DE ANALISIS DE LA BASE DE DATOS DEL S.I.G.L.A (Sistema Integrado de Gestión de Laboratorios) OSE ciudad del plata
A29: UK001119 | B29: 44820 | C29: 2022 | AA29: 80 | AJ29: 0.8 | AQ29: 0.0004 | AU29: 0.06 | BA29: 0.03 | BX29: Informacion metales- ose piloto cfp
A30: UK001126 | B30: 45005 | C30: 2023 | E30: 7.3 | I30: 314 | J30: 0 | K30: 868 | O30: 0.006 | S30: 68 | T30: 12 | Y30: 0.05 | BJ30: 9 | BK30: 0.31 | BX30: Información de ose - piloto CDP
A31: UK001126 | B31: 44644 | C31: 2022 | E31: 7.3 | I31: 321 | J31: 13 | K31: 855 | O31: 0.006 | S31: 66 | T31: 12 | Y31: 0.05 | BJ31: 8 | BK31: 0.31 | BX31: RESULTADOS DE ANALISIS DE LA BASE DE DATOS DEL S.I.G.L.A (Sistema Integrado de Gestión de Laboratorios) OSE ciudad del plata
A32: UK001133 | B32: 45397 | C32: 2024 | J32: 14 | AA32: 337 | AJ32: 0.002 | AQ32: 0.0004 | AS32: 0.04 | AU32: 0.06 | BA32: 0.03 | BG32: 2
A33: UK001140 | B33: 41467 | C33: 2013 | I33: 404 | K33: 1297 | R33: 419 | S33: 99 | Y33: 0.005 | AA33: 126 | BX33: Tabla 13 Techera
A34: UK001141 | B34: 39993 | C34: 2009 | E34: 7.1 | I34: 448 | R34: 502 | T34: 89 | Y34: 0.05
A35: UK001141 | B35: 45005 | C35: 2023 | E35: 7.1 | I35: 443 | J35: 7 | K35: 1489 | O35: 0.006 | R35: 459 | S35: 49 | T35: 84 | Y35: 0.05 | BJ35: 49 | BK35: 0.31 | BX35: RESULTADOS DE ANALISIS DE LA BASE DE DATOS DEL S.I.G.L.A (Sistema Integrado de Gestión de Laboratorios) OSE ciudad del plata
A36: UK001141 | B36: 44644 | C36: 2022 | E36: 7.1 | I36: 446 | J36: 13 | K36: 1496 | O36: 0.006 | R36: 548 | S36: 136 | T36: 84 | Y36: 0.05 | BJ36: 49 | BK36: 0.31 | BX36: RESULTADOS DE ANALISIS DE LA BASE DE DATOS DEL S.I.G.L.A (Sistema Integrado de Gestión de Laboratorios) OSE ciudad del plata
A37: UK001141 | B37: 39993 | C37: 2009 | E37: 7.1 | I37: 448 | R37: 502 | AA37: 144
A38: UK001141 | B38: 45741 | C38: 2025 | E38: 7 | I38: 456 | J38: 12 | K38: 1459 | O38: 0.006 | R38: 432 | S38: 128 | T38: 80 | Y38: 0.05 | BJ38: 46 | BK38: 0.31 | BX38: RESULTADOS DE ANALISIS DE LA BASE DE DATOS DEL S.I.G.L.A (Sistema Integrado de Gestión de Laboratorios) OSE ciudad del plata
A39: UK001141 | B39: 45370 | C39: 2024 | E39: 7 | I39: 460 | J39: 10 | K39: 1465 | O39: 0.006 | R39: 449 | S39: 128 | T39: 83 | Y39: 0.05 | AO39: 9 | BJ39: 49 | BK39: 0.31 | BX39: RESULTADOS DE ANALISIS DE LA BASE DE DATOS DEL S.I.G.L.A (Sistema Integrado de Gestión de Laboratorios) OSE ciudad del plata
A40: UK001144 | B40: 45005 | C40: 2023 | E40: 7.3 | I40: 348 | J40: 0 | K40: 1067 | O40: 0.006 | R40: 262 | S40: 94 | T40: 31 | Y40: 0.05 | BJ40: 22 | BK40: 0.31 | BX40: RESULTADOS DE ANALISIS DE LA BASE DE DATOS DEL S.I.G.L.A (Sistema Integrado de Gestión de Laboratorios) OSE ciudad del plata
A41: UK001144 | B41: 44592 | C41: 2022 | E41: 7.3 | I41: 365 | J41: 12 | K41: 1065 | O41: 0.006 | R41: 224 | S41: 96 | T41: 31 | Y41: 0.05 | AJ41: 13 | AU41: 0.06 | BA41: 0.03 | BG41: 2 | BJ41: 23 | BK41: 0.31 | BX41: RESULTADOS DE ANALISIS DE LA BASE DE DATOS DEL S.I.G.L.A (Sistema Integrado de Gestión de Laboratorios) OSE ciudad del plata
A42: UK001144 | B42: 41459 | C42: 2013 | E42: 7.3 | I42: 377 | K42: 1083 | R42: 269 | S42: 109 | T42: 35 | Y42: 0.05 | BX42: Tabla 13 - Techera
A43: UK001144 | B43: 45446 | C43: 2024 | E43: 7.3 | I43: 348 | J43: 10 | K43: 1055 | O43: 0.006 | R43: 260 | S43: 98 | T43: 29 | Y43: 0.05 | AJ43: 2 | AQ43: 0.0004 | AS43: 0.04 | AU43: 0.06 | AV43: 0.002 | BA43: 0.03 | BG43: 2 | BJ43: 22 | BK43: 0.31 | BX43: RESULTADOS DE ANALISIS DE LA BASE DE DATOS DEL S.I.G.L.A (Sistema Integrado de Gestión de Laboratorios) OSE ciudad del plata
A44: UK001144 | B44: 44992 | C44: 2023 | J44: 9 | AJ44: 11 | BA44: 0.03 | BX44: RESULTADOS DE ANALISIS DE LA BASE DE DATOS DEL S.I.G.L.A (Sistema Integrado de Gestión de Laboratorios) OSE ciudad del plata
A45: UK001144 | B45: 45355 | C45: 2024 | J45: 15 | AJ45: 14 | BX45: RESULTADOS DE ANALISIS DE LA BASE DE DATOS DEL S.I.G.L.A (Sistema Integrado de Gestión de Laboratorios) OSE ciudad del plata
A46: UK001144 | B46: 45726 | C46: 2024 | J46: 15 | AJ46: 14 | BX46: RESULTADOS DE ANALISIS DE LA BASE DE DATOS DEL S.I.G.L.A (Sistema Integrado de Gestión de Laboratorios) OSE ciudad del plata
A47: UK001145 | B47: 41506 | C47: 2013 | E47: 7.3 | I47: 439 | K47: 1332 | R47: 262 | S47: 126 | T47: 39 | Y47: 0.05 | AA47: 144 | BJ47: 20 | BX47: Tabla 13 Techera
A48: UK001145 | B48: 45026 | C48: 2023 | E48: 7.4 | I48: 346 | J48: 9 | K48: 1069 | O48: 0.006 | R48: 259 | S48: 102 | T48: 34 | Y48: 0.05 | BJ48: 22 | BK48: 0.31 | BX48: RESULTADOS DE ANALISIS DE LA BASE DE DATOS DEL S.I.G.L.A (Sistema Integrado de Gestión de Laboratorios) OSE ciudad del plata
A49: UK001145 | B49: 44809 | C49: 2022 | E49: 7.3 | I49: 402 | J49: 9 | K49: 1387 | O49: 0.006 | R49: 362 | S49: 163 | T49: 42 | Y49: 0.05 | BJ49: 27 | BK49: 0.31 | BX49: RESULTADOS DE ANALISIS DE LA BASE DE DATOS DEL S.I.G.L.A (Sistema Integrado de Gestión de Laboratorios) OSE ciudad del plata
A50: UK001146 | B50: 41437 | C50: 2013 | E50: 7.2 | K50: 2191 | BJ50: 59
A51: UK001148 | B51: 41506 | C51: 2013 | E51: 7.3 | I51: 347 | K51: 777 | R51: 236 | S51: 47 | T51: 12 | Y51: 0.05 | AA51: 110 | BX51: Tabla 13 Techera
A52: UK001148 | B52: 44809 | C52: 2022 | E52: 7.3 | I52: 315 | J52: 9 | K52: 757 | O52: 0.006 | R52: 198 | S52: 45 | T52: 0.05 | Y52: 0.05 | BJ52: 3 | BK52: 0.31 | BX52: RESULTADOS DE ANALISIS DE LA BASE DE DATOS DEL S.I.G.L.A (Sistema Integrado de Gestión de Laboratorios) OSE ciudad del plata
A53: UK001148 | B53: 45166 | C53: 2023 | E53: 7.3 | I53: 331 | J53: 10 | K53: 746 | O53: 0.006 | R53: 198 | S53: 42 | T53: 0.05 | Y53: 0.05 | BJ53: 3 | BK53: 0.31 | BX53: RESULTADOS DE ANALISIS DE LA BASE DE DATOS DEL S.I.G.L.A (Sistema Integrado de Gestión de Laboratorios) OSE ciudad del plata
A54: UK001148 | B54: 45537 | C54: 2024 | E54: 7.3 | I54: 333 | J54: 9 | K54: 756 | O54: 0.006 | R54: 197 | Y54: 0.05 | BJ54: 3 | BK54: 0.31 | BX54: RESULTADOS DE ANALISIS DE LA BASE DE DATOS DEL S.I.G.L.A (Sistema Integrado de Gestión de Laboratorios) OSE ciudad del plata
A55: UK001148 | B55: 45418 | C55: 2024 | J55: 10 | AJ55: 19 | AQ55: 0.0004 | AS55: 0.04 | AU55: 0.06 | BA55: 0.03 | BG55: 2 | BX55: RESULTADOS DE ANALISIS DE LA BASE DE DATOS DEL S.I.G.L.A (Sistema Integrado de Gestión de Laboratorios) OSE ciudad del plata
A56: UK001149 | B56: 41486 | C56: 2013 | E56: 7.2 | K56: 1070 | BJ56: 4.4
A57: UK000115 | E57: 6.6 | G57: 34.4 | K57: 130 | R57: 53 | S57: 13.8 | Z57: 20.4 | AA57: 11 | AB57: 1 | AC57: 0.5 | BJ57: 25.5 | BX57: Recopilación Carrión - tabla uk_quiica_recopilacion-utm-revisado
A58: UK001150 | B58: 40242 | C58: 2010 | AA58: 127
A59: UK001150 | B59: 44592 | C59: 2022 | E59: 7.2 | I59: 332 | J59: 12 | K59: 1207 | O59: 0.006 | R59: 308 | S59: 130 | T59: 37 | Y59: 0.05 | BK59: 0.31 | BX59: RESULTADOS DE ANALISIS DE LA BASE DE DATOS DEL S.I.G.L.A (Sistema Integrado de Gestión de Laboratorios) OSE ciudad del plata
A60: UK001150 | B60: 44956 | C60: 2023 | E60: 7.2 | I60: 332 | J60: 9 | K60: 1217 | O60: 0.006 | R60: 318 | S60: 134 | T60: 39 | Y60: 0.05 | BJ60: 45 | BK60: 0.31 | BX60: RESULTADOS DE ANALISIS DE LA BASE DE DATOS DEL S.I.G.L.A (Sistema Integrado de Gestión de Laboratorios) OSE ciudad del plata
A61: UK001150 | B61: 45320 | C61: 2024 | E61: 7.2 | I61: 332 | J61: 6 | K61: 1227 | R61: 328 | BJ61: 49 | BX61: Información de ose - piloto CDP
A62: UK001150 | B62: 45446 | C62: 2024 | E62: 7.2 | I62: 336 | J62: 10 | K62: 1208 | O62: 0.006 | R62: 329 | S62: 134 | T62: 38 | Y62: 0.05 | BK62: 0.31 | BX62: RESULTADOS DE ANALISIS DE LA BASE DE DATOS DEL S.I.G.L.A (Sistema Integrado de Gestión de Laboratorios) OSE ciudad del plata
A63: UK001150 | B63: 44592 | C63: 2022 | E63: 7.2 | I63: 332 | J63: 12 | K63: 1207 | O63: 0.006 | R63: 308 | S63: 130 | T63: 37 | Y63: 0.05 | AJ63: 13 | AU63: 0.06 | BA63: 0.03 | BG63: 2 | BJ63: 41 | BK63: 0.31 | BX63: RESULTADOS DE ANALISIS DE LA BASE DE DATOS DEL S.I.G.L.A (Sistema Integrado de Gestión de Laboratorios) OSE
A64: UK001151 | B64: 40477 | C64: 2010 | AA64: 89 | BX64: Tabla 13 Techera
A65: UK001152 | B65: 44788 | C65: 2022 | E65: 7.1 | I65: 386 | J65: 11 | K65: 1444 | O65: 0.006 | R65: 390 | S65: 174 | T65: 66 | Y65: 0.05 | BJ65: 27 | BK65: 0.31 | BX65: RESULTADOS DE ANALISIS DE LA BASE DE DATOS DEL S.I.G.L.A (Sistema Integrado de Gestión de Laboratorios) OSE ciudad del plata
A66: UK001152 | B66: 45152 | C66: 2023 | E66: 7.2 | I66: 403 | J66: 8 | K66: 1447 | O66: 0.006 | R66: 419 | S66: 178 | T66: 64 | Y66: 0.05 | BJ66: 29 | BK66: 0.31 | BX66: RESULTADOS DE ANALISIS DE LA BASE DE DATOS DEL S.I.G.L.A (Sistema Integrado de Gestión de Laboratorios) OSE ciudad del plata
A67: UK001152 | B67: 45418 | C67: 2024 | J67: 10 | AA67: 144 | AJ67: 11 | AU67: 0.06 | BA67: 0.03 | BG67: 2 | BX67: RESULTADOS DE ANALISIS DE LA BASE DE DATOS DEL S.I.G.L.A (Sistema Integrado de Gestión de Laboratorios) OSE ciudad del plata
A68: UK001152 | B68: 45789 | C68: 2025 | J68: 9 | AI68: 11 | AJ68: 11 | BX68: Informacion metales- ose piloto cfp
A69: UK001152 | B69: 45523 | C69: 2024 | E69: 7.1 | I69: 414 | J69: 8 | K69: 1452 | O69: 0.006 | R69: 389 | S69: 179 | T69: 64 | Y69: 0.005 | BJ69: 29 | BK69: 0.31 | BX69: RESULTADOS DE ANALISIS DE LA BASE DE DATOS DEL S.I.G.L.A (Sistema Integrado de Gestión de Laboratorios) OSE ciudad del plata
A70: UK001153 | B70: 45184 | C70: 2023 | E70: 7.3 | I70: 310 | J70: 10 | K70: 739 | O70: 0.006 | R70: 199 | S70: 39 | T70: 15 | Y70: 0.05 | AO70: 2 | BJ70: 8 | BK70: 0.31 | BX70: RESULTADOS DE ANALISIS DE LA BASE DE DATOS DEL S.I.G.L.A (Sistema Integrado de Gestión de Laboratorios) OSE ciudad del plata
A71: UK001155 | B71: 44774 | C71: 2022 | E71: 7.4 | I71: 343 | J71: 8 | K71: 1201 | O71: 0.006 | R71: 260 | S71: 122 | BJ71: 20 | BK71: 0.31 | BX71: RESULTADOS DE ANALISIS DE LA BASE DE DATOS DEL S.I.G.L.A (Sistema Integrado de Gestión de Laboratorios) OSE ciudad del plata
A72: UK001155 | B72: 45118 | C72: 2023 | E72: 7.4 | I72: 352 | J72: 11 | K72: 1207 | O72: 0.006 | R72: 253 | S72: 127 | T72: 57 | Y72: 0.05 | BJ72: 20 | BK72: 0.31 | BX72: RESULTADOS DE ANALISIS DE LA BASE DE DATOS DEL S.I.G.L.A (Sistema Integrado de Gestión de Laboratorios) OSE ciudad del plata
A73: UK001155 | B73: 45488 | C73: 2024 | E73: 7.3 | I73: 353 | J73: 7 | K73: 1190 | O73: 0.006 | R73: 252 | T73: 59 | Y73: 0.05 | BJ73: 20 | BK73: 0.31 | BX73: RESULTADOS DE ANALISIS DE LA BASE DE DATOS DEL S.I.G.L.A (Sistema Integrado de Gestión de Laboratorios) OSE ciudad del plata
A74: UK001157 | B74: 44652 | C74: 2022 | J74: 11 | BX74: RESULTADOS DE ANALISIS DE LA BASE DE DATOS DEL S.I.G.L.A (Sistema Integrado de Gestión de Laboratorios) OSE ciudad del plata
A75: UK001157 | B75: 44699 | C75: 2022 | E75: 7.3 | I75: 310 | J75: 11 | K75: 739 | R75: 199 | S75: 39 | T75: 15 | Y75: 0.05 | AO75: 2 | BA75: 0.03 | BJ75: 8 | BX75: Información de ose - piloto CDP
A76: UK001157 | B76: 44725 | C76: 2022 | E76: 7.4 | I76: 328 | J76: 10 | K76: 1094 | O76: 0.006 | R76: 230 | S76: 127 | T76: 36 | Y76: 0.05 | BA76: 0.03 | BK76: 0.31 | BX76: RESULTADOS DE ANALISIS DE LA BASE DE DATOS DEL S.I.G.L.A (Sistema Integrado de Gestión de Laboratorios) OSE ciudad del plata
A77: UK001157 | B77: 45546 | C77: 2024 | J77: 8 | AA77: 138 | AJ77: 15 | AQ77: 0.0004 | AV77: 0.004 | AW77: 0.004 | BA77: 0.03 | BX77: Informacion metales- ose piloto cfp
A78: UK001157 | B78: 45089 | C78: 2023 | J78: 7 | AJ78: 15 | AS78: 0.04 | AU78: 0.06 | BA78: 0.03 | BG78: 2 | BX78: RESULTADOS DE ANALISIS DE LA BASE DE DATOS DEL S.I.G.L.A (Sistema Integrado de Gestión de Laboratorios) OSE ciudad del plata
A79: UK001157 | B79: 45173 | C79: 2023 | J79: 9 | AA79: 147 | AJ79: 14 | AQ79: 0.0004 | AV79: 0.005 | BA79: 0.03 | BG79: 2 | BX79: RESULTADOS DE ANALISIS DE LA BASE DE DATOS DEL S.I.G.L.A (Sistema Integrado de Gestión de Laboratorios) OSE ciudad del plata
A80: UK001157 | B80: 45453 | C80: 2024 | J80: 9 | AJ80: 15 | AS80: 0.04 | AU80: 0.06 | BA80: 0.03 | BG80: 2 | BX80: RESULTADOS DE ANALISIS DE LA BASE DE DATOS DEL S.I.G.L.A (Sistema Integrado de Gestión de Laboratorios) OSE ciudad del plata
A81: UK001158 | B81: 44690 | C81: 2022 | D81: se conviertio el NO2 y el NH4 a N-NO2 y N-NH4 respectivamente y se puso el LD actualizado | E81: 7.2 | I81: 101 | J81: 7 | K81: 240 | O81: 0.006 | R81: 38 | S81: 0.01 | T81: 0.05 | Y81: 0.005 | BJ81: 6 | BK81: 0.31 | BX81: RESULTADOS DE ANALISIS DE LA BASE DE DATOS DEL S.I.G.L.A (Sistema Integrado de Gestión de Laboratorios) OSE
A82: UK001158 | B82: 45418 | C82: 2024 | D82: se conviertio el NO2 y el NH4 a N-NO2 y N-NH4 respectivamente y se puso el LD actualizado | E82: 7.2 | I82: 107 | J82: 8 | K82: 241 | O82: 0.006 | R82: 40 | S82: 0.01 | T82: 0.05 | Y82: 0.005 | BJ82: 6 | BK82: 0.31 | BX82: RESULTADOS DE ANALISIS DE LA BASE DE DATOS DEL S.I.G.L.A (Sistema Integrado de Gestión de Laboratorios) OSE
A83: UK001158 | B83: 45789 | C83: 2025 | D83: se conviertio el NO2 y el NH4 a N-NO2 y N-NH4 respectivamente y se puso el LD actualizado | E83: 7.2 | I83: 104 | J83: 10 | K83: 236 | O83: 0.006 | R83: 46 | S83: 0.01 | T83: 0.05 | Y83: 0.005 | BJ83: 6 | BK83: 0.31 | BX83: RESULTADOS DE ANALISIS DE LA BASE DE DATOS DEL S.I.G.L.A (Sistema Integrado de Gestión de Laboratorios) OSE
A84: UK001159 | B84: 41902 | C84: 2014 | E84: 7.2 | I84: 386 | K84: 1163 | R84: 231 | S84: 98 | T84: 49 | Y84: 0.6 | BX84: Tabla 13 Techera
A85: UK000116 | B85: 29452 | C85: 1980 | D85: Fecha de analisis 8/10/1980 | E85: 6.6 | F85: 0 | I85: 34.5 | K85: 180 | R85: 71 | S85: 17.4 | T85: 7 | Y85: 0.2 | Z85: 16.8 | AA85: 5 | AB85: 9 | AC85: 7 | AD85: 16 | AF85: 0.3 | AY85: 0.1 | BA85: 0 | BJ85: 25 | BX85: DINAMIGE
A86: UK001160 | B86: 42481 | C86: 2016 | E86: 7.3 | I86: 445 | K86: 1099 | R86: 245 | S86: 62 | T86: 49 | Y86: 0.005 | AA86: 182 | BX86: Tabla 13 Techera
A87: UK001161 | F87: 12.2 | K87: 160 | R87: 88 | S87: 30 | T87: 6 | Z87: 19.4 | AC87: 9.4 | BJ87: 21 | BX87: Dinamige
A88: UK001162 | B88: 44820 | C88: 2022 | E88: 7.4 | I88: 296 | J88: 11 | K88: 963 | O88: 0.006 | R88: 235 | S88: 104 | T88: 34 | Y88: 0.05 | BJ88: 19 | BK88: 0.31 | BX88: RESULTADOS DE ANALISIS DE LA BASE DE DATOS DEL S.I.G.L.A (Sistema Integrado de Gestión de Laboratorios) OSE ciudad del plata
A89: UK001162 | B89: 45174 | C89: 2023 | E89: 7.3 | I89: 302 | J89: 6 | K89: 960 | O89: 0.006 | R89: 238 | S89: 102 | T89: 31 | Y89: 0.05 | AO89: 4 | BJ89: 19 | BK89: 0.31 | BX89: RESULTADOS DE ANALISIS DE LA BASE DE DATOS DEL S.I.G.L.A (Sistema Integrado de Gestión de Laboratorios) OSE ciudad del plata
A90: UK001162 | B90: 45509 | C90: 2024 | J90: 8 | AJ90: 11 | BX90: Informacion metales- ose piloto cfp
A91: UK001162 | B91: 44573 | C91: 2022 | J91: 14 | AJ91: 13 | AS91: 0.04 | AU91: 0.06 | BA91: 0.03 | BG91: 2 | BX91: RESULTADOS DE ANALISIS DE LA BASE DE DATOS DEL S.I.G.L.A (Sistema Integrado de Gestión de Laboratorios) OSE
A92: UK001162 | B92: 45138 | C92: 2023 | J92: 7 | AJ92: 12 | BX92: RESULTADOS DE ANALISIS DE LA BASE DE DATOS DEL S.I.G.L.A (Sistema Integrado de Gestión de Laboratorios) OSE
A93: UK001162 | B93: 45546 | C93: 2024 | E93: 7.3 | I93: 7.3 | J93: 8 | K93: 750 | O93: 0.006 | R93: 226 | S93: 51 | T93: 11 | Y93: 0.005 | BJ93: 7 | BK93: 0.31 | BX93: RESULTADOS DE ANALISIS DE LA BASE DE DATOS DEL S.I.G.L.A (Sistema Integrado de Gestión de Laboratorios) OSE ciudad del plata
A94: UK001162 | B94: 41518 | E94: 7 | I94: 297 | K94: 988 | R94: 246 | S94: 105 | T94: 38 | Y94: 0.005 | AA94: 94 | BD94: 21 | BX94: OSE
A95: UK001164 | B95: 44725 | C95: 2022 | J95: 10 | AJ95: 17 | AQ95: 0.0004 | AU95: 0.06 | AW95: 0.002 | AY95: 0.03 | BA95: 0.002 | BG95: 2 | BX95: RESULTADOS DE ANALISIS DE LA BASE DE DATOS DEL S.I.G.L.A (Sistema Integrado de Gestión de Laboratorios) OSE ciudad del plata
A96: UK001164 | B96: 45453 | C96: 2024 | J96: 9 | AJ96: 17 | AS96: 0.04 | AU96: 0.06 | BA96: 0.03 | BG96: 2 | BX96: RESULTADOS DE ANALISIS DE LA BASE DE DATOS DEL S.I.G.L.A (Sistema Integrado de Gestión de Laboratorios) OSE ciudad del plata
A97: UK001164 | B97: 45826 | C97: 2025 | J97: 7 | AJ97: 17 | AS97: 0.04 | AU97: 0.06 | BA97: 0.03 | BG97: 2 | BX97: RESULTADOS DE ANALISIS DE LA BASE DE DATOS DEL S.I.G.L.A (Sistema Integrado de Gestión de Laboratorios) OSE ciudad del plata
A98: UK001164 | B98: 45561 | C98: 2024 | E98: 7.3 | I98: 335 | J98: 9 | K98: 819 | O98: 0.006 | R98: 169 | S98: 46 | T98: 16 | Y98: 0.005 | BJ98: 25 | BK98: 0.31 | BX98: RESULTADOS DE ANALISIS DE LA BASE DE DATOS DEL S.I.G.L.A (Sistema Integrado de Gestión de Laboratorios) OSE ciudad del plata
A99: UK001165 | B99: 44739 | C99: 2022 | E99: 7.2 | I99: 304 | J99: 10 | K99: 1363 | O99: 0.006 | R99: 316 | S99: 218 | T99: 44 | Y99: 0.05 | BJ99: 10 | BK99: 0.31 | BX99: RESULTADOS DE ANALISIS DE LA BASE DE DATOS DEL S.I.G.L.A (Sistema Integrado de Gestión de Laboratorios) OSE ciudad del plata
A100: UK001165 | B100: 41501 | C100: 2013 | E100: 7.3 | I100: 362 | K100: 1402 | R100: 374 | S100: 221 | T100: 47 | Y100: 0.005 | BJ100: 7.5 | BX100: OSE Tabla 13 Techera
...

Sheet Historico niveles
A1: Cod UK | B1: Propietario | C1: Z_m | D1: Oct-86 | E1: Dic-87 | F1: Mar-88 | G1: May-88 | H1: Jul-88 | I1: Ago-88 | J1: Set-88 | K1: Nov-88 | L1: Abr-89 | M1: Nov-89 | N1: Feb-90 | O1: Nov-94 | P1: May-95 | Q1: Dic95 | R1: Mar96 | S1: Jul96 | T1: Oct96 | U1: Dic96 | V1: Abr97 | W1: Set97 | X1: Dic97 | Y1: Abr98 | Z1: Jul98 | AA1: Oct98 | AB1: Dic98 | AC1: Jul99 | AD1: Oct99 | AE1: Ene00 | AF1: Abr00 | AG1: Jul00 | AH1: Oct00 | AI1: 45870 | AJ1: 45931 | AK1: 45779 | AL1: 45932 | AM1: 45780 | AN1: 45964 | AO1: 45812 | AP1: 45814 | AQ1: 45997 | AR1: 45845 | AS1: 45998 | AT1: 45846 | AU1: 45725 | AV1: 45847 | AW1: 45939 | AX1: 45726 | AY1: 45818 | AZ1: 46001 | BA1: 45760 | BB1: 45821 | BC1: 45882 | BD1: 45974 | BE1: 45730 | BF1: sept-14 | BG1: 45731 | BH1: 45915 | BI1: 45945 | BJ1: 45824 | BK1: 45854 | BL1: Nov_16 | BM1: Mar.2017 | BN1: Oct.-2017 | BO1: 43221 | BP1: sept-19 | BQ1: sept-20 | BR1: 46315 | BS1: 45981 | BT1: 44185 | BU1: 43851 | BV1: 46074 | BW1: 46102 | BX1: 46133 | BY1: 46163 | BZ1: 45829 | CA1: 46224 | CB1: 46255 | CC1: set-21 | CD1: 44475 | CE1: 45982 | CF1: 46377 | CG1: 46044 | CH1: 44593 | CI1: 44621 | CJ1: 44652 | CK1: 44682 | CL1: 44713 | CM1: 44743 | CN1: 44774 | CO1: set-2022 | CP1: 44835 | CQ1: 45983 | CR1: 44896 | CS1: 44927 | CT1: 44958 | CU1: 44986 | CV1: 45770 | CW1: 45047 | CX1: 45078 | CY1: 45108 | CZ1: 45892 | DA1: 46288 | DB1: 46318 | DC1: 45984 | DD1: 46379 | DE1: 46046 | DF1: 46077 | DG1: 45832 | DH1: 46015 | DI1: 46106 | DJ1: 46137 | DK1: 46167 | DL1: 46198 | DM1: 46228 | DN1: 46259 | DO1: set - 25 | DP1: 46320 | DQ1: 46351 | DR1: 46381 | DS1: 46023 | DT1: 46054 | DU1: 46082 | DV1: 46113 | DW1: 46143 | DX1: 46174 | DY1: 46204 | DZ1: 46235 | EA1: Fuente Pozos historicos monitoreados 1986 2024
A2: UK001347 | B2: Fernández, L | C2: 32.06 | D2: 4.56 | G2: 5 | H2: 5.09 | I2: 5.12 | J2: 5.25 | K2: 5.2 | L2: 6.1 | M2: 6.63 | N2: 6.49 | O2: 5.16 | P2: 5.32 | Q2: 5.48 | R2: 5.73 | S2: 5.68 | T2: 5.53 | U2: 5.73 | V2: 6.04 | W2: 5.86 | X2: 5.89 | Y2: 6.02 | Z2: 5.87 | AA2: 5.92 | AB2: 6.05 | AC2: 5.75 | AD2: 5.69 | AE2: 6.07 | AF2: 5.95 | AG2: 5.41 | AH2: 5.253 | AI2: 5.25 | AJ2: 4.81 | AK2: 4.74 | AL2: 4.66 | AM2: 5.1 | AN2: 4.77 | AO2: 4.99 | AP2: 5.25 | AQ2: 5.22 | AR2: 4.99 | AS2: 5.06 | AT2: 5.47 | AU2: 5.85 | AV2: 5.95 | AW2: 5.67 | AX2: 5.72 | AY2: 5.54 | AZ2: 5.15 | BA2: 5.75 | BB2: 5.79 | BC2: 5.8 | BE2: 5.4 | BF2: 5.24 | BG2: 5.6 | BI2: 5.57 | BJ2: 5.74 | BL2: 5.63 | BM2: 5.97 | BO2: 6.09 | BP2: 5.7 | BS2: 6.2 | BZ2: 7.3 | CE2: 6.25 | CV2: 7.03 | CZ2: 7.03 | DC2: 7.1 | DG2: 6.54 | DH2: 6.76 | EA2: Dinamige
A3: UK001389 | B3: Díaz, W | C3: 48.83 | D3: 12 | E3: 13 | F3: 13.28 | G3: 12.85 | H3: 12.87 | I3: 12.82 | J3: 12.66 | K3: 12.6 | L3: 12.95 | M3: 16.22 | N3: 16.41 | O3: 14.17 | Q3: 14.62 | R3: 14.51 | S3: 14.56 | T3: 14.41 | U3: 15.14 | V3: 15.15 | W3: 15.28 | X3: 14.7 | Y3: 14.96 | Z3: 15.12 | AA3: 15.2 | AB3: 15.83 | AC3: 14.72 | AD3: 14.35 | AE3: 14.94 | AF3: 14.78 | AG3: 13.3 | AH3: 13.46 | AI3: 14.4 | AJ3: 12.5 | AK3: 11.93 | AL3: 12.23 | AM3: 13.51 | AO3: 13.03 | AP3: 13.6 | AQ3: 13.57 | AR3: 12.79 | AS3: 12.89 | AT3: 14.27 | AU3: 14.42 | AV3: 14.33 | AW3: 14.03 | AX3: 14.12 | AY3: 13.8 | AZ3: 12.97 | EA3: Dinamige
A4: UK001352 | B4: Regusci, B | C4: 9.97 | E4: 7 | F4: 7.87 | G4: 3.34 | H4: 2.87 | I4: 7.52 | J4: 7.38 | K4: 7.38 | L4: 7.4 | M4: 7.32 | N4: 7.52 | O4: 6.91 | Q4: 7.85 | R4: 8.83 | S4: 8.87 | T4: 8.25 | U4: 8.82 | V4: 8.98 | W4: 8.85 | X4: 8.85 | Y4: 8.7 | Z4: 8.85 | AA4: 8.57 | AB4: 9.05 | AC4: 8.39 | AD4: 7.42 | AE4: 8.94 | AF4: 9.25 | AG4: 7.13 | AH4: 6.8 | AI4: 6.99 | AJ4: 6.86 | AK4: 5.83 | AL4: 6.63 | AM4: 8 | AN4: 7.15 | AO4: 7.56 | AP4: 8.3 | AQ4: 8.42 | AR4: 7.29 | AS4: 7.7 | AT4: 8.78 | AU4: 9.41 | AV4: 9.24 | AW4: 8.29 | AX4: 7.8 | AY4: 7.45 | AZ4: 6.13 | EA4: Dinamige
A5: UK001309 | B5: Leonardo Abel Sánchez De León | CV5: 6.45 | CZ5: 6.25 | DC5: 9.31 | DG5: 4.93 | EA5: Dinamige
A6: UK001402 | B6: Brunet, M. | C6: 30.45 | D6: 11.2 | G6: 9.75 | H6: 9.88 | I6: 14.04 | J6: 16.47 | K6: 17.38 | L6: 17.8 | M6: 17.78 | N6: 17.82 | O6: 18.47 | Q6: 19.89 | R6: 20.26 | S6: 20.5 | T6: 19.92 | U6: 20.92 | V6: 20.69 | W6: 20.12 | X6: 19.74 | Z6: 19.36 | AA6: 20.32 | AB6: 20.29 | AC6: 20.6 | AD6: 18.76 | AE6: 20.07 | AF6: 20.2 | AG6: 16.55 | AH6: 17.2 | AI6: 18.43 | AK6: 16.93 | AL6: 17.5 | AM6: 19.43 | AN6: 18.64 | AO6: 18.76 | AP6: 19.5 | AQ6: 19.73 | AR6: 18.36 | AS6: 19.06 | AT6: 20.53 | AU6: 20.65 | AV6: 21.1 | AW6: 19.59 | AX6: 19.29 | AY6: 19 | AZ6: 17.78 | EA6: Dinamige
A7: UK001375 | B7: Macció, A | C7: 32.47 | D7: 8.74 | E7: 8.79 | F7: 10.55 | G7: 11.11 | H7: 10.96 | I7: 10.38 | J7: 10.52 | K7: 10.62 | L7: 10.88 | M7: 11.15 | N7: 11.17 | O7: 12 | Q7: 11.34 | R7: 12.4 | S7: 12.48 | T7: 12.58 | U7: 12.9 | V7: 13.49 | W7: 13.35 | X7: 12.26 | Y7: 12.54 | AA7: 14.46 | AB7: 12.44 | AC7: 11.74 | AD7: 11.24 | AE7: 11.8 | AF7: 12.27 | AG7: 10.52 | AH7: 10.44 | AI7: 10.58 | AJ7: 10.53 | AK7: 9.32 | AL7: 9.05 | AM7: 10.18 | AN7: 9.76 | AO7: 10.16 | AP7: 10.66 | AQ7: 10.71 | AR7: 9.8 | AS7: 9.72 | AT7: 11.04 | AU7: 11.63 | AV7: 11.96 | AW7: 11.42 | AX7: 11.29 | AY7: 11.36 | AZ7: 10.33 | EA7: Dinamige
A8: UK001380 | B8: Rapetti,P | C8: 29.17 | D8: 7.53 | F8: 9.86 | G8: 9.35 | H8: 9.42 | I8: 9.96 | J8: 10.91 | K8: 10.98 | O8: 12.78 | Q8: 10.67 | R8: 10.3 | S8: 12.39 | T8: 11.29 | U8: 11.25 | V8: 11 | W8: 11.07 | X8: 10.09 | Y8: 10.33 | Z8: 9.89 | AA8: 10.37 | AB8: 10.72 | AC8: 10.22 | AD8: 9.87 | AE8: 11.69 | AF8: 10 | AG8: 8.48 | AH8: 8 | AI8: 9.31 | AJ8: 9.24 | AK8: 8.17 | AL8: 8.36 | AM8: 9.54 | AN8: 9 | AO8: 9.19 | AP8: 9.58 | AQ8: 9.56 | AR8: 9.16 | AS8: 9.25 | AT8: 9.8 | AU8: 10.29 | AV8: 10.35 | AW8: 10.02 | AX8: 10.05 | AY8: 9.74 | AZ8: 9.25 | EA8: Dinamige
A9: UK001325 | B9: Club R. Pino | C9: 35 | U9: 13.14 | V9: 13.45 | W9: 13.21 | X9: 13.18 | Y9: 13 | Z9: 13.14 | AA9: 13.28 | AB9: 13.46 | AC9: 12.95 | AD9: 12.16 | AE9: 13.03 | AF9: 13.15 | AG9: 10.54 | AH9: 10.77 | AI9: 11.25 | AJ9: 11 | AK9: 10.04 | AL9: 10.02 | AM9: 11.71 | AN9: 11.21 | AO9: 11.79 | AP9: 12.32 | AQ9: 12.24 | AR9: 11.74 | AS9: 11.37 | AT9: 12.87 | AU9: 13.28 | AV9: 13.66 | AW9: 12.92 | AX9: 12.9 | AY9: 12.62 | AZ9: 11.24 | BA9: 12.47 | BB9: 12.91 | BC9: 12.99 | BD9: 12.61 | BE9: 11.7 | BF9: 11.32 | BG9: 11.72 | BI9: 12.3 | BJ9: 12.23 | BL9: 12.17 | BM9: 12.98 | BN9: 12.42 | BO9: 13.56 | BP9: 12.9 | BS9: 14.1 | BZ9: 15.3 | CE9: 14.45 | CQ9: 15.63 | CV9: 16.09 | CZ9: 16.37 | DC9: 16.52 | DG9: 15.66 | EA9: Dinamige
A10: UK001358 | B10: CONAPROLE | C10: 24.15 | I10: 9.59 | J10: 9.68 | K10: 9.74 | O10: 8.27 | Q10: 9.85 | R10: 10.22 | S10: 10.26 | T10: 10.17 | U10: 10.36 | V10: 10.54 | W10: 10.17 | X10: 10.3 | Y10: 9.44 | Z10: 10.01 | AA10: 10.03 | AB10: 10.24 | AC10: 8.88 | AD10: 9.57 | AE10: 9.81 | AF10: 9.8 | AG10: 8.13 | AH10: 8.05 | AI10: 7.77 | AJ10: 7.93 | AL10: 5.12 | AM10: 7.36 | AN10: 7.6 | AO10: 8.13 | AP10: 8.84 | AQ10: 9.25 | AR10: 7.38 | AS10: 7.7 | AT10: 8.26 | AU10: 8.16 | AV10: 8.13 | AW10: 8.02 | AX10: 7.88 | AY10: 7.96 | AZ10: 6.72 | BA10: 7.86 | BB10: 7.82 | BC10: 7.78 | BD10: 7.25 | BE10: 7 | BF10: 6.4 | BG10: 6.75 | BI10: 7.35 | BJ10: 6.89 | BL10: 7.46 | BM10: 7.38 | BN10: 7.16 | BO10: 8.08 | BP10: 7.6 | BS10: 8.9 | BZ10: 10.3 | CE10: 9.7 | CQ10: 9.96 | CV10: 9.85 | CZ10: 10.64 | DC10: 10.68 | DG10: 10.28 | DH10: 10.57 | EA10: Dinamige
A11: UK001401 | B11: Bentancour,N | C11: 42.51 | D11: 17.45 | F11: 19.7 | H11: 18.79 | I11: 19.15 | J11: 20.8 | K11: 18.73 | L11: 18.95 | M11: 19.48 | N11: 19.62 | O11: 18.36 | Q11: 19.24 | R11: 19.87 | S11: 20.15 | T11: 19.73 | V11: 20.74 | W11: 19.86 | X11: 19.62 | Y11: 19.7 | AA11: 19.65 | AB11: 19.77 | AC11: 19.45 | AD11: 19.19 | AE11: 19.7 | AF11: 19.7 | AG11: 18.93 | AH11: 18.63 | AI11: 18.96 | AJ11: 18.62 | AK11: 18.25 | AL11: 17.97 | AM11: 18.61 | AN11: 18.22 | AO11: 18.8 | AP11: 18.65 | AQ11: 18.84 | AR11: 18.34 | AS11: 18.22 | AT11: 19.2 | AU11: 19.19 | AV11: 19.32 | AW11: 19.04 | AX11: 18.9 | AY11: 18.81 | AZ11: 18.25 | EA11: Dinamige
A12: UK001390 | B12: Lema,A | C12: 30.93 | D12: 13.05 | E12: 13.5 | F12: 14.42 | G12: 14.1 | H12: 14.04 | I12: 14.1 | J12: 14.18 | K12: 14.15 | L12: 14.71 | M12: 14.9 | N12: 14.86 | O12: 14.25 | Q12: 14.71 | R12: 15.13 | S12: 14.97 | T12: 15.17 | U12: 15.08 | V12: 15.34 | W12: 15.4 | X12: 15.4 | Y12: 15.35 | Z12: 15.48 | AA12: 15.42 | AC12: 15.32 | AD12: 14.9 | AE12: 15.15 | AF12: 15.3 | AG12: 14.46 | AH12: 14.23 | EA12: Dinamige
A13: UK001363 | B13: Perez, Nilo | C13: 22 | AR13: 8.76 | AS13: 8.63 | AT13: 9.39 | AU13: 9.62 | AV13: 9.65 | AW13: 9.31 | AX13: 9.19 | AY13: 9.02 | BA13: 9.1 | BB13: 9.12 | BC13: 9.14 | BD13: 8.96 | BF13: 8.59 | BG13: 8.94 | BI13: 9.16 | BJ13: 9.86 | BL13: 9.22 | BM13: 10.12 | BN13: 9.05 | BS13: 9.59 | BZ13: 10.71 | CQ13: 9.89 | CV13: 10.1 | CZ13: 10.22 | DC13: 12.23 | DH13: 9.73 | EA13: Dinamige
A14: UK001392 | B14: Pérez, D | C14: 48.1 | D14: 12.2 | E14: 13.69 | F14: 14.02 | G14: 14.48 | H14: 13.13 | I14: 15.24 | J14: 15.08 | K14: 15.28 | L14: 15.46 | M14: 15.88 | N14: 16.13 | O14: 14.98 | Q14: 16.24 | R14: 16.78 | S14: 16.83 | T14: 16.79 | U14: 16.87 | V14: 17.14 | W14: 17.37 | X14: 17.38 | Y14: 17.33 | Z14: 17.33 | AA14: 17.33 | AB14: 17.44 | AC14: 17.34 | AD14: 16.95 | AE14: 17.2 | AF14: 17.4 | AG14: 16 | AH14: 15.35 | AI14: 15.48 | AJ14: 13.72 | AK14: 13.69 | AL14: 13.55 | AM14: 15.89 | AN14: 14.92 | AO14: 15.9 | AP14: 16.09 | AQ14: 16.09 | AR14: 15.33 | AS14: 15.1 | AT14: 16.61 | AU14: 17.18 | AV14: 17.32 | AW14: 17.2 | AX14: 16.94 | AY14: 16.93 | AZ14: 15.46 | EA14: Dinamige
A15: UK001393 | B15: Esteche, M | C15: 47.62 | D15: 12.55 | F15: 14.52 | G15: 14.69 | H15: 15.74 | I15: 15.21 | J15: 15.28 | K15: 15.35 | L15: 15.4 | M15: 15.98 | N15: 15.95 | O15: 15.1 | Q15: 16.25 | R15: 16.86 | S15: 16.8 | T15: 16.75 | U15: 16.82 | V15: 17.45 | W15: 17.8 | X15: 17.35 | Y15: 17.71 | Z15: 17.41 | AA15: 17.35 | AB15: 17.44 | AC15: 17.35 | AD15: 16.95 | AE15: 17.25 | AF15: 17.45 | AG15: 16.18 | AH15: 15.85 | AI15: 15.69 | AJ15: 14.28 | AK15: 14.21 | AL15: 14.05 | AM15: 15.87 | AN15: 15.09 | AO15: 16.1 | AP15: 16.44 | AQ15: 13.33 | AR15: 15.86 | AS15: 15.73 | AT15: 16.77 | AU15: 17.24 | AV15: 17.35 | AW15: 17.39 | AX15: 17.34 | AY15: 17.29 | AZ15: 16.27 | EA15: Dinamige
A16: UK001554 | B16: Moro casa | C16: 42 | U16: 22.33 | V16: 20.92 | W16: 20.95 | X16: 20.78 | Y16: 20.72 | Z16: 20.75 | AA16: 20.75 | AB16: 20.97 | AC16: 20.74 | AD16: 20.4 | AE16: 20.91 | AF16: 20.9 | AG16: 19.8 | AH16: 19.44 | AI16: 19.71 | AJ16: 19.03 | AK16: 18.6 | AL16: 18.67 | AM16: 19.63 | AN16: 19.54 | AO16: 19.92 | AP16: 20.4 | AQ16: 20.25 | AR16: 19.77 | AS16: 19.58 | AT16: 20.59 | AU16: 21.16 | AV16: 21.21 | AW16: 20.94 | AX16: 21.01 | AY16: 20.86 | AZ16: 20.23 | BA16: 20.82 | BB16: 20.8 | BC16: 20.8 | BD16: 20.64 | BE16: 20.4 | BF16: 19.85 | BG16: 20.05 | BI16: 20.32 | BJ16: 20.8 | BL16: 20.26 | BM16: 20.51 | BN16: 20.14 | BO16: 20.94 | BP16: 20.1 | BS16: 20.7 | BZ16: 22.2 | CE16: 21.05 | CQ16: 21.9 | CV16: 22.42 | CZ16: 22.35 | DC16: 22.62 | DG16: 21.73 | DH16: 22.03 | EA16: Dinamige
A17: UK001411 | B17: Bonino, P. | C17: 52.8 | Q17: 25.6 | R17: 25.77 | S17: 26.2 | T17: 26.15 | U17: 26.21 | V17: 26.58 | W17: 26.67 | X17: 26.64 | Y17: 26.92 | Z17: 26.85 | AA17: 26.84 | AB17: 27.05 | AC17: 26.98 | AD17: 26.5 | AE17: 26.74 | AF17: 26.86 | AG17: 26.5 | AH17: 25.94 | AI17: 25.49 | AJ17: 25.2 | AK17: 24.13 | AL17: 23.77 | AM17: 24.94 | AN17: 24.77 | AO17: 25.43 | AP17: 25.24 | AQ17: 25.38 | AR17: 25 | AS17: 24.85 | AT17: 25.79 | AU17: 26.39 | AV17: 26.46 | AW17: 26.45 | AX17: 26.41 | AY17: 26.16 | AZ17: 25.51 | EA17: Dinamige
A18: UK001330 | B18: Viviendas | C18: 40 | R18: 7.52 | S18: 7.71 | T18: 7.56 | U18: 7.71 | V18: 8.08 | W18: 8.08 | X18: 7.97 | Y18: 7.86 | Z18: 7.75 | AA18: 7.95 | AB18: 8.1 | AC18: 7.89 | AD18: 7.39 | AE18: 7.93 | AF18: 8.06 | AG18: 6.3 | AH18: 5.96 | AI18: 5.88 | AJ18: 5.6 | AK18: 4.55 | AL18: 4.6 | AM18: 6.59 | AN18: 5.85 | AO18: 6.49 | AP18: 6.6 | AQ18: 6.67 | AR18: 6.02 | AS18: 5.97 | AT18: 7.24 | AU18: 7.75 | AV18: 7.89 | AW18: 7.54 | AX18: 7.38 | AY18: 7.17 | AZ18: 6.1 | BA18: 7.11 | BB18: 7.28 | BC18: 7.35 | BD18: 6.92 | BE18: 6.4 | BF18: 5.69 | BG18: 6.22 | BI18: 6.59 | BJ18: 6.83 | BL18: 6.55 | BM18: 7.13 | BN18: 6.68 | BO18: 7.72 | BP18: 6.8 | BS18: 8 | BZ18: 8.3 | CE18: 8.2 | CQ18: 8.75 | EA18: Dinamige
A19: UK001521 | B19: Moro recría | C19: 32.05 | F19: 6.22 | G19: 5.65 | H19: 5.77 | I19: 5.88 | J19: 6.24 | K19: 6.25 | L19: 6.3 | M19: 6.42 | N19: 6.43 | O19: 5.74 | P19: 5.9 | Q19: 8.01 | R19: 7.05 | S19: 6.94 | T19: 6.79 | U19: 7.05 | V19: 7.5 | W19: 7.34 | X19: 7 | Y19: 7.26 | AA19: 7.35 | AB19: 7.53 | AC19: 7.13 | AD19: 6.72 | AE19: 7 | AF19: 7.27 | AG19: 5.6 | AI19: 6.1 | AK19: 4.57 | AL19: 4.9 | AM19: 6.62 | AN19: 5.89 | AO19: 6.47 | AP19: 6.8 | AQ19: 6.7 | AR19: 6.17 | AS19: 6.07 | AT19: 7.15 | AU19: 8.12 | AV19: 7.71 | AW19: 7.38 | AX19: 7.61 | AY19: 7.27 | AZ19: 6.05 | BA19: 7.21 | BB19: 7.4 | BC19: 7.34 | BD19: 7.28 | BE19: 6.9 | BF19: 6.02 | BG19: 6.95 | BI19: 6.91 | BJ19: 7.29 | BL19: 6.83 | BM19: 7.46 | BN19: 6.72 | BO19: 10.62 | BP19: 6.5 | BS19: 7.7 | BZ19: 9.1 | CE19: 8.21 | CQ19: 8.86 | CV19: 9.4 | CZ19: 9.21 | DC19: 9.28 | DG19: 8.73 | DH19: 8.99 | EA19: Dinamige
A20: UK001558 | B20: Acuña,R | C20: 41.8 | D20: 17.16 | E20: 18 | F20: 18.38 | G20: 18.41 | H20: 18.55 | I20: 18.5 | J20: 18.28 | K20: 18.61 | L20: 18.57 | M20: 18.69 | N20: 18.6 | O20: 18.1 | Q20: 18.83 | S20: 19.12 | T20: 19.48 | U20: 19.45 | V20: 19.95 | W20: 20.05 | X20: 20.04 | Y20: 19.89 | Z20: 19.99 | AA20: 19.92 | AB20: 17.4 | AC20: 19.82 | AD20: 19.4 | AE20: 19.64 | AF20: 20 | AG20: 19.29 | AH20: 18.92 | AI20: 18.89 | AJ20: 18.44 | AK20: 17.71 | AL20: 17.46 | AM20: 18.65 | AN20: 18.45 | AO20: 18.94 | AP20: 19.09 | AQ20: 19.17 | AR20: 18.86 | AS20: 18.57 | AT20: 19.45 | AU20: 19.91 | AV20: 20.06 | AW20: 19.98 | AX20: 19.9 | AY20: 19.85 | AZ20: 19.28 | EA20: Dinamige
A21: UK001406 | B21: Macció, F | C21: 45.9 | AU21: 22.82 | AV21: 22.8 | AW21: 22.78 | AX21: 22.62 | AY21: 22.46 | AZ21: 21.79 | BA21: 21.75 | BB21: 21.88 | BC21: 21.96 | BD21: 21.97 | BE21: 21.6 | BF21: 21.12 | BG21: 21.2 | BI21: 21.08 | BJ21: 21.5 | BL21: 21.38 | BM21: 21.64 | BN21: 21.69 | BO21: 22.58 | BP21: 21.9 | BS21: 23.1 | BZ21: 23.94 | CE21: 23.07 | CQ21: 23.54 | CV21: 23.65 | CZ21: 23.82 | DC21: 23.9 | DG21: 24.13 | DH21: 24.14 | EA21: Dinamige
A22: UK001360 | B22: Travieso | C22: 28.82 | D22: 7.44 | E22: 8.67 | F22: 9.2 | G22: 8.8 | H22: 9.05 | I22: 12.1 | J22: 9.3 | L22: 10.15 | M22: 10.22 | N22: 10.51 | O22: 8.33 | P22: 9.17 | Q22: 9.7 | R22: 10.2 | S22: 10.44 | T22: 10.44 | U22: 10.55 | V22: 10.94 | W22: 10.98 | X22: 10.83 | Y22: 10.7 | Z22: 10.97 | AA22: 10.94 | AB22: 11.12 | AC22: 10.98 | AD22: 10.59 | AE22: 10.98 | AF22: 11.04 | AG22: 9.55 | AI22: 9.84 | AJ22: 9.2 | AK22: 8.06 | AL22: 7.79 | AM22: 9.19 | AN22: 9.05 | AO22: 9.4 | AP22: 9.8 | AQ22: 9.92 | AR22: 9.33 | AS22: 9.29 | AT22: 10.09 | AU22: 11.08 | AV22: 11.16 | AW22: 10.79 | AX22: 10.81 | AY22: 10.59 | AZ22: 9.82 | EA22: Dinamige
A23: UK001384 | B23: FRIPUR | C23: 22.04 | AM23: 12.1 | AN23: 11.97 | AO23: 12.28 | AP23: 12.55 | AQ23: 12.48 | AR23: 12.28 | AT23: 12.7 | AU23: 13.27 | AV23: 13.04 | AW23: 12.72 | AX23: 12.74 | AY23: 12.59 | AZ23: 12.21 | BA23: 12.53 | BB23: 12.52 | BC23: 12.56 | BD23: 12.46 | BE23: 12.4 | BF23: 12.19 | BI23: 12.29 | BJ23: 12.44 | BN23: 12.15 | BZ23: 14 | CE23: 12.98 | CQ23: 13.98 | CV23: 13.83 | DG23: 13.37 | DH23: 13.28 | EA23: Dinamige
A24: UK001355 | B24: Mac Krey | C24: 23.31 | AM24: 8.1 | AN24: 7.75 | AO24: 8.1 | AP24: 8.21 | AR24: 7.65 | AS24: 7.77 | AT24: 8.33 | AV24: 9.21 | AW24: 8.73 | AX24: 8.58 | AY24: 8.34 | AZ24: 7.61 | BB24: 8.37 | BC24: 8.45 | BD24: 8.33 | BE24: 8.1 | BF24: 7.68 | BG24: 8.04 | BI24: 8.07 | BL24: 8.04 | BM24: 8.39 | BN24: 7.78 | BO24: 8.44 | BP24: 8.01 | BS24: 8.95 | BZ24: 9.92 | CE24: 8.8 | CQ24: 9.64 | CV24: 10.1 | CZ24: 10.05 | DC24: 10.17 | DG24: 9.56 | DH24: 9.68 | EA24: Dinamige
A25: UK001408 | B25: Bonino,J | C25: 34.71 | D25: 18.5 | F25: 19.6 | H25: 20.14 | I25: 20.53 | J25: 21.1 | L25: 21.2 | M25: 21.22 | N25: 21.75 | O25: 20.29 | Q25: 21.7 | R25: 22.85 | S25: 22.36 | T25: 22.5 | U25: 23.62 | W25: 23.05 | X25: 22.98 | Y25: 22.56 | AA25: 23.48 | AB25: 23 | AC25: 22.71 | AD25: 22.33 | AE25: 22.56 | AF25: 22.79 | AG25: 21.38 | AH25: 21.2 | AI25: 21.2 | AJ25: 21 | AK25: 20.08 | AL25: 19.85 | AM25: 20.95 | AN25: 20.98 | AO25: 21.43 | AP25: 21.52 | AQ25: 21.46 | AR25: 20.88 | AS25: 20.87 | AT25: 21.58 | AU25: 22.54 | AV25: 22.81 | AW25: 22.19 | AX25: 20.69 | AY25: 21.15 | AZ25: 20.78 | EA25: Dinamige
A26: UK001159 | B26: OSE 90.3.025 | CZ26: 16.9 | DC26: 18.43 | DG26: 18.44 | DH26: 18.5 | EA26: Dinamige
A27: UK001158 | B27: Escuela 65 | C27: 30.65 | O27: 17.2 | P27: 17.6 | Q27: 17.75 | R27: 17.95 | S27: 18.07 | T27: 18.13 | U27: 18.25 | V27: 18.2 | W27: 18.2 | X27: 18.49 | Y27: 18.33 | Z27: 18.35 | AA27: 18.43 | AB27: 18.43 | AC27: 18.45 | AD27: 18.32 | AE27: 18.35 | AF27: 18.49 | AG27: 18.33 | AH27: 17.8 | AI27: 17.59 | AJ27: 17.7 | AM27: 17.1 | AN27: 17.12 | AO27: 17.16 | AP27: 17.41 | AQ27: 17.52 | AR27: 16.94 | AT27: 17.72 | AU27: 18.15 | AV27: 18.31 | AW27: 18.24 | AX27: 18.17 | AY27: 18.16 | AZ27: 17.84 | BA27: 18.06 | BB27: 18.17 | BC27: 18.19 | BD27: 18.1 | BE27: 18 | BF27: 17.93 | BG27: 17.58 | BI27: 17.74 | BJ27: 17.93 | BL27: 17.87 | CV27: 19.09 | EA27: Dinamige
A28: UK001204 | B28: De Armas, Ariel | C28: 10 | AJ28: 2.43 | AK28: 1.91 | AL28: 2.23 | AM28: 2.84 | AN28: 2.65 | AO28: 2.92 | AQ28: 2.88 | AR28: 2.58 | AS28: 2.73 | AT28: 2.96 | AU28: 3.18 | AV28: 3.09 | AW28: 3.17 | AX28: 3.3 | AY28: 2.97 | AZ28: 2.73 | CE28: 3.28 | CQ28: 3.55 | CZ28: 3.51 | DG28: 3.22 | DH28: 3.4 | EA28: Dinamige
A29: UK001205 | B29: Pérez, N | C29: 22.01 | AZ29: 8.42 | EA29: Dinamige
A30: UK000910 | B30: Cabrera,N | C30: 31.47 | D30: 10.38 | E30: 13.15 | F30: 13.73 | G30: 12.95 | H30: 13.65 | I30: 13.74 | J30: 14.02 | K30: 14.08 | L30: 14.3 | M30: 14.35 | N30: 14.6 | O30: 14.19 | Q30: 15.2 | R30: 15.76 | S30: 15.91 | T30: 15.81 | U30: 16 | V30: 16.4 | W30: 16.23 | X30: 16.26 | Y30: 16.06 | Z30: 16.26 | AA30: 16.17 | AB30: 16.33 | AC30: 16.17 | AD30: 15.91 | AE30: 16.24 | AF30: 16.423 | AG30: 15.83 | AH30: 14.84 | AI30: 14.65 | AJ30: 14.13 | AK30: 12.68 | AL30: 12.96 | AM30: 14.98 | AN30: 14.22 | AO30: 14.8 | AP30: 15.24 | AQ30: 15.35 | AR30: 14.76 | AS30: 14.89 | AT30: 15.9 | AU30: 15.54 | AV30: 15.7 | AW30: 15.69 | AX30: 15.65 | AY30: 15.42 | AZ30: 14.61 | EA30: Dinamige
A31: UK001567 | B31: Cabrera,A | C31: 47.34 | D31: 33.95 | E31: 34.25 | F31: 34.75 | G31: 34.4 | H31: 34.4 | I31: 34.65 | J31: 34.6 | K31: 35.7 | L31: 35.85 | M31: 35.72 | N31: 35.65 | O31: 35.74 | Q31: 35.85 | R31: 36.03 | S31: 35.92 | T31: 36.1 | V31: 36.28 | W31: 36.42 | X31: 36.36 | Y31: 36.17 | Z31: 36.37 | AA31: 36.75 | AB31: 36.3 | AC31: 36.79 | AD31: 36.75 | AE31: 36.81 | AF31: 36.85 | AG31: 36.65 | AH31: 36.5 | AI31: 36.19 | AJ31: 36 | AK31: 35.57 | AL31: 35.33 | AM31: 35.2 | AN31: 35.4 | AO31: 35.44 | AP31: 35.81 | AQ31: 35.68 | AR31: 35.87 | AS31: 35.75 | AT31: 36.07 | AU31: 36.49 | AV31: 36.58 | AW31: 36.65 | AX31: 36.69 | AY31: 36.85 | AZ31: 36.52 | EA31: Dinamige
A32: UK000550 | B32: García, N | C32: 34.64 | D32: 13.15 | F32: 14.29 | G32: 13.02 | H32: 14.37 | I32: 14.45 | J32: 14.52 | K32: 14.58 | O32: 15.5 | P32: 15.82 | Q32: 15.9 | R32: 16.03 | S32: 16.21 | T32: 16.29 | U32: 16.27 | V32: 16.45 | W32: 16.6 | X32: 16.69 | Y32: 16.5 | Z32: 16.69 | AA32: 16.65 | AB32: 16.71 | AC32: 16.7 | AD32: 16.29 | AE32: 16.45 | AF32: 16.6 | AG32: 15.75 | AH32: 15.59 | AI32: 15.82 | AJ32: 15.6 | AK32: 15.07 | AL32: 14.8 | AM32: 15.48 | AN32: 15.19 | AO32: 15.5 | AP32: 15.99 | AQ32: 19.09 | AR32: 16.07 | AS32: 16.08 | AT32: 16.53 | AX32: 0 | AZ32: 16.55 | EA32: Dinamige
A33: UK001539 | B33: Escuela 41 | C33: 23.8 | D33: 10.2 | E33: 10.5 | F33: 10.75 | G33: 10.62 | H33: 10.73 | I33: 10.85 | J33: 10.78 | K33: 10.84 | L33: 10.5 | M33: 10.56 | N33: 10.64 | O33: 10.8 | P33: 10.75 | Q33: 10.9 | R33: 10.6 | S33: 11.34 | T33: 11.47 | U33: 11.58 | V33: 11.73 | W33: 11.83 | X33: 11.86 | Y33: 11.68 | Z33: 11.7 | AA33: 11.73 | AB33: 11.8 | AC33: 11.62 | AD33: 11.3 | AE33: 11.48 | AF33: 11.67 | AG33: 11.18 | AH33: 10.75 | AI33: 10.67 | AJ33: 10.47 | AK33: 10.1 | AL33: 9.82 | AM33: 10.85 | AN33: 10.35 | AO33: 11.08 | AP33: 10.89 | AQ33: 10.9 | AR33: 10.8 | AS33: 10.6 | AT33: 11.65 | AU33: 12.24 | AV33: 12.31 | AW33: 12.18 | AX33: 12.32 | AY33: 12.08 | AZ33: 11.55 | EA33: Dinamige
A34: UK000627 | B34: Bidegain | C34: 37.4 | AW34: 19.16 | AX34: 19.2 | AY34: 19.14 | AZ34: 19.08 | EA34: Dinamige
A35: UK001200 | B35: Supervielle | C35: 23.16 | AW35: 16.25 | AX35: 16.25 | AY35: 16.2 | AZ35: 15.64 | EA35: Dinamige
A36: UK001201 | B36: Rivara Magnano | C36: 9.35 | D36: 6.1 | E36: 6.9 | F36: 6.74 | G36: 6.59 | H36: 6.34 | I36: 6.45 | J36: 6.43 | K36: 6.5 | O36: 7.53 | Q36: 7.8 | R36: 7.42 | S36: 7.52 | U36: 7.94 | V36: 7.54 | W36: 7.93 | X36: 7.73 | Y36: 7.88 | Z36: 7.68 | AB36: 8.61 | AC36: 7.79 | AD36: 7.82 | AE36: 7.82 | AF36: 7.8 | AG36: 6.75 | AI36: 7.5 | AJ36: 7.45 | AK36: 6.69 | AL36: 7.35 | AM36: 7.22 | AN36: 7.69 | AO36: 7.53 | AP36: 7.54 | AQ36: 7.92 | AR36: 7.55 | AS36: 7.59 | AT36: 7.53 | AU36: 7.89 | AV36: 7.94 | AW36: 7.83 | AX36: 7.97 | AY36: 7.78 | AZ36: 7.72 | BA36: 7.95 | BB36: 7.8 | BC36: 7.86 | BD36: 8.01 | BE36: 7.8 | BF36: 7.84 | BG36: 7.72 | BI36: 7.82 | BJ36: 7.86 | BM36: 7.82 | BN36: 7.72 | BO36: 7.9 | BP36: 7.85 | BS36: 7.95 | BZ36: 9 | CE36: 8 | CQ36: 8.02 | CV36: 7.9 | CZ36: 8.14 | DC36: 7.73 | DG36: 7.9 | DH36: 8.1 | EA36: Dinamige
A37: UK001463 | B37: Mac Krey | C37: 28.23 | D37: 18 | E37: 18.35 | F37: 18.3 | G37: 18.1 | H37: 18.27 | I37: 18.51 | J37: 18.39 | K37: 18.47 | L37: 18.55 | M37: 18.65 | N37: 18.68 | O37: 18.72 | Q37: 19.25 | R37: 19.33 | S37: 19.5 | T37: 19.52 | U37: 19.6 | V37: 19.57 | W37: 19.7 | X37: 19.7 | Y37: 19.51 | Z37: 19.65 | AA37: 19.68 | AB37: 19.65 | AC37: 19.49 | AD37: 19.28 | AE37: 19.52 | AF37: 19.6 | AI37: 18.78 | AJ37: 18.68 | AK37: 18.44 | AL37: 18.4 | AM37: 18.85 | AN37: 18.96 | AO37: 19.13 | AP37: 19.36 | AQ37: 19.44 | AR37: 19.13 | AS37: 19.17 | AT37: 19.51 | AU37: 19.77 | AV37: 19.83 | AW37: 19.74 | AX37: 19.58 | AY37: 19.59 | AZ37: 19.12 | EA37: Dinamige
A38: UK001513 | B38: Goldaraz,N | C38: 12.7 | H38: 4.6 | I38: 4.61 | J38: 4.6 | K38: 4.65 | L38: 4.7 | M38: 4.6 | N38: 4.66 | O38: 4.54 | P38: 5.31 | Q38: 5.5 | R38: 6.23 | S38: 6.14 | T38: 5.89 | U38: 6.14 | V38: 6.6 | W38: 6.28 | X38: 6.37 | Y38: 5.7 | Z38: 5.95 | AA38: 5.87 | AB38: 6.24 | AC38: 5.51 | AD38: 4.89 | AE38: 5.96 | AF38: 6.25 | AG38: 3.09 | AH38: 3.73 | AI38: 4.16 | AJ38: 4.06 | AK38: 3.9 | AL38: 4.09 | AM38: 5.41 | AN38: 4.64 | AO38: 5.46 | AP38: 5.8 | AS38: 5.45 | AV38: 6.91 | AW38: 6.07 | AX38: 5.92 | AY38: 5.57 | AZ38: 4.16 | EA38: Dinamige
A39: UK000324 | B39: Pardo Santallana (Rabida) | C39: 18.53 | D39: 5 | O39: 8.62 | P39: 9.32 | Q39: 9.75 | R39: 10.15 | S39: 10.3 | T39: 10.4 | V39: 10.82 | W39: 10.75 | X39: 11.02 | Y39: 10.43 | Z39: 10.55 | AA39: 10.73 | AB39: 10.9 | AC39: 10.45 | AD39: 9.91 | AF39: 10.61 | AG39: 9.5 | AH39: 8.73 | AI39: 8.83 | AJ39: 8.65 | AK39: 7.89 | AL39: 7.82 | AM39: 9.17 | AN39: 9.01 | AO39: 9.4 | AP39: 10.07 | AQ39: 10.92 | AR39: 9.68 | AS39: 9.69 | AT39: 10.42 | AU39: 11.28 | AV39: 11.33 | AW39: 10.96 | AX39: 10.82 | AY39: 10.55 | AZ39: 9.74 | BA39: 9.94 | BC39: 10.03 | BD39: 9.74 | BE39: 9.4 | BF39: 8.57 | BG39: 8.64 | BI39: 9.26 | BJ39: 9.9 | BL39: 9.42 | BM39: 9.91 | BN39: 9.22 | BO39: 9.8 | BP39: 9.4 | BS39: 10.8 | BZ39: 11.9 | CE39: 11.12 | CQ39: 12.66 | CV39: 11.86 | CZ39: 11.89 | DC39: 12 | DG39: 11.65 | DH39: 11.63 | EA39: Dinamige
A40: UK001529 | B40: Litosul S.A. | C40: 27.66 | I40: 7.73 | J40: 7.67 | K40: 7.82 | N40: 8.69 | O40: 8.65 | Q40: 8.4 | R40: 8.8 | S40: 9.5 | T40: 9.49 | U40: 9.65 | V40: 9.8 | W40: 9.83 | X40: 9.89 | Y40: 9.7 | Z40: 9.85 | AA40: 9.89 | AB40: 9.88 | AC40: 9.77 | AD40: 9.38 | AE40: 9.75 | AF40: 9.92 | AG40: 8.8 | AH40: 7.64 | AI40: 8.78 | AJ40: 8.71 | AK40: 7.52 | AL40: 7.86 | AM40: 8.9 | AN40: 8.4 | AO40: 8.93 | AP40: 9.32 | AQ40: 9.54 | AR40: 9.38 | AS40: 9.33 | AT40: 9.93 | AU40: 10.19 | AV40: 10.38 | AW40: 10.23 | AX40: 10.25 | AY40: 10.92 | AZ40: 9.58 | EA40: Dinamige
A41: UK001559 | B41: Berto Sosa | C41: 33.93 | AM41: 18.12 | AN41: 18.85 | AO41: 18.29 | AP41: 18.53 | AQ41: 18.66 | AR41: 18.6 | AS41: 18.55 | AT41: 18.9 | AU41: 19.49 | AV41: 19.53 | AW41: 19.39 | AX41: 19.51 | AY41: 19.29 | EA41: Dinamige
A42: UK000927 | B42: Omar Gabastú | C42: 24.45 | O42: 10.52 | P42: 10.76 | Q42: 10.93 | R42: 11.28 | S42: 11.34 | T42: 11.27 | U42: 11.53 | V42: 11.65 | W42: 11.55 | X42: 11.72 | Y42: 11.52 | Z42: 11.72 | AA42: 11.99 | AB42: 11.8 | AC42: 11.45 | AD42: 11.25 | AE42: 11.56 | AF42: 11.61 | AG42: 11.1 | AH42: 10.7 | AI42: 10.71 | AJ42: 10.53 | AK42: 9.93 | AL42: 9.63 | AM42: 10.47 | AN42: 10.39 | AO42: 10.68 | AP42: 11.05 | AQ42: 11.1 | AR42: 10.93 | AS42: 10.91 | AT42: 11.47 | AU42: 11.81 | AV42: 11.95 | AW42: 11.85 | AX42: 11.7 | AY42: 11.48 | AZ42: 11.09 | BD42: 11.26 | BF42: 11.18 | BG42: 11.07 | BI42: 11.36 | BJ42: 11.59 | BL42: 11.45 | BM42: 11.67 | BN42: 11.37 | BP42: 11.5 | BS42: 11.9 | CE42: 12.34 | CQ42: 12.73 | CV42: 13.01 | CZ42: 13.05 | DC42: 13.15 | DG42: 12.92 | EA42: Dinamige
A43: UK001566 | B43: Tomas, Nelson | C43: 45.98 | AM43: 31.5 | AN43: 31.41 | AO43: 31.33 | AP43: 31.6 | AQ43: 31.75 | AR43: 31.48 | AS43: 31.44 | AT43: 32.1 | AU43: 33.7 | AV43: 33.66 | AW43: 32.59 | AX43: 32.61 | AZ43: 32.18 | BC43: POZO SECO | EA43: Dinamige
A44: UK001564 | B44: Tomas, Nelson | C44: 40.29 | AM44: 25.4 | AO44: 25.28 | AP44: 25.59 | AQ44: 25.71 | AR44: 25.41 | AS44: 25.33 | AT44: 25.54 | AU44: 26.48 | AV44: 26.64 | AW44: 26.6 | AX44: 26.6 | AZ44: 26.06 | BA44: 26.44 | BB44: 26.41 | BC44: 26.42 | BD44: 26.4 | BE44: 26.3 | BF44: 25.92 | BG44: 25.67 | BI44: 25.85 | BJ44: 26.21 | BL44: 26.04 | BM44: 26.05 | BN44: 26.08 | EA44: Dinamige
A45: UK001543 | B45: Couto, Enrique | C45: 21.41 | AM45: 8.15 | AN45: 9.18 | AO45: 8.22 | AP45: 10.42 | AQ45: 8.74 | AR45: 8.28 | AS45: 11.6 | AT45: 8.76 | AU45: 11.31 | AV45: 9.46 | AW45: 9.35 | AX45: 9.44 | AY45: 9.26 | AZ45: 8.72 | BA45: 9.55 | BB45: 9 | BC45: 9.06 | BD45: 8.96 | BE45: 10.8 | BF45: 8.54 | BG45: 8.59 | BI45: 8.76 | BL45: 8.8 | BN45: 10.7 | BO45: 11.75 | EA45: Dinamige
A46: UK000388 | B46: Babuglia | C46: 16.44 | AM46: 10.38 | AN46: 10.22 | AO46: 10.29 | AP46: 10.53 | AQ46: 10.49 | AR46: 10.25 | AS46: 10.24 | AT46: 10.62 | AU46: 10.95 | AV46: 10.98 | AW46: 10.65 | AX46: 10.77 | AY46: 10.61 | AZ46: 10.2 | BA46: 10.15 | BB46: 10.28 | BC46: 10.41 | BD46: 10.36 | BE46: 10.3 | BF46: 9.57 | BG46: 9.66 | BI46: 9.81 | BJ46: 10.05 | BL46: 9.85 | BM46: 10.05 | BN46: 9.67 | EA46: Dinamige
A47: UK001202 | B47: Rodriguez | C47: 28.94 | K47: =IFERROR(__xludf.dummyfunction("AI(""Introduce un valor adecuado para esta celda según el contexto de la tabla"")"),"11.37") -> 11.37 | AM47: 11.37 | AN47: 10.58 | AO47: 11.45 | AP47: 11.93 | AQ47: 12.01 | AR47: 11.64 | AS47: 11.49 | AT47: 12.38 | AU47: 12.66 | AV47: 12.94 | AW47: 12.77 | AX47: 12.87 | AY47: 12.65 | AZ47: 11.8 | BA47: 12.6 | BE47: 12.4 | BP47: 8.8 | CE47: 13.38 | CQ47: 16.9 | CV47: 14.19 | CZ47: 14.26 | DC47: 14.33 | DG47: 14.4 | DH47: 14.58 | EA47: Dinamige
A48: UK000962 | B48: UTE | C48: 37.28 | O48: 17.86 | P48: 18 | Q48: 18.1 | R48: 18.15 | S48: 18.25 | T48: 18.22 | U48: 18.3 | V48: 18.45 | W48: 18.45 | X48: 18.69 | Y48: 18.6 | Z48: 18.72 | AA48: 18.74 | AB48: 18.79 | AC48: 18.76 | AD48: 18.65 | AE48: 18.75 | AF48: 18.85 | AG48: 18.93 | AH48: 18.28 | AI48: 18.35 | AK48: 17.9 | AL48: 17.53 | AM48: 17.64 | AN48: 17.57 | AO48: 17.71 | AP48: 17.91 | AQ48: 18.03 | AR48: 18.02 | AS48: 17.96 | AT48: 19.59 | AU48: 18.58 | AV48: 18.73 | AW48: 18.78 | AX48: 18.87 | AY48: 18.91 | AZ48: 18.83 | BA48: 19.04 | BB48: 19.03 | BC48: 19.01 | BD48: 19.13 | BE48: 19 | BF48: 18.81 | BG48: 18.68 | BI48: 18.63 | BJ48: 18.77 | BL48: 18.74 | BM48: 18.74 | BN48: 18.81 | BO48: 18.89 | BP48: 19.02 | EA48: Dinamige
A49: UK001203 | B49: Gonzalo Vilaró | C49: 27.34 | AM49: 15.7 | AN49: 15.43 | AO49: 15.82 | AP49: 15.94 | AQ49: 15.92 | AR49: 15.76 | AS49: 15.57 | AT49: 16.59 | AU49: 16.59 | AV49: 16.78 | AW49: 16.5 | AX49: 16.51 | AY49: 16.42 | AZ49: 15.89 | BA49: 16.14 | BB49: 16.1 | BC49: 16.08 | BD49: 15.97 | BE49: 15.7 | BF49: 15.3 | BG49: 15.29 | BI49: 15.63 | BJ49: 15.94 | BL49: 15.6 | BM49: 15.79 | BN49: 15.68 | BO49: 16.31 | BP49: 15.8 | BS49: 16.4 | BZ49: 18.21 | CE49: 16.72 | CQ49: 17.19 | CZ49: 20.7 | DC49: 17.63 | DG49: 18.51 | DH49: 17.3 | EA49: Dinamige
A50: UK000569 | B50: Daniel Rodríguez | C50: 27.1 | O50: 10.16 | P50: 10.62 | Q50: 10.73 | R50: 11.01 | S50: 11.13 | T50: 11.12 | V50: 11.37 | W50: 11.44 | X50: 11.49 | Y50: 11.33 | Z50: 11.4 | AA50: 11.4 | AB50: 11.52 | AC50: 11.28 | AD50: 11.04 | AF50: 11.39 | AG50: 10.77 | AH50: 10.4 | AI50: 10.47 | AJ50: 10.17 | AK50: 9.62 | AL50: 9.44 | AM50: 10.3 | AN50: 10.1 | AO50: 10.42 | AP50: 10.87 | AR50: 10.79 | AS50: 10.81 | AT50: 11.29 | AU50: 11.66 | AV50: 11.72 | AW50: 11.61 | AX50: 11.67 | AY50: 11.57 | AZ50: 11.22 | BA50: 11.68 | BC50: 11.63 | BD50: 11.55 | BE50: 11.6 | BG50: 11.01 | BJ50: 11.54 | BM50: 11.52 | BO50: 11.65 | BP50: 11.35 | BS50: 11.96 | BZ50: 12.2 | CE50: 11.8 | CQ50: 12.74 | CV50: 13 | CZ50: 12.9 | DC50: 12.95 | DG50: 12.95 | DH50: 13.05 | EA50: Dinamige
A51: UK001530 | B51: Canabal | C51: 14.35 | O51: 8.93 | P51: 6.3 | Q51: 6.5 | R51: 6.98 | S51: 7.1 | T51: 7.14 | W51: 7.63 | X51: 7.74 | Y51: 7.5 | Z51: 7.55 | AA51: 7.63 | AB51: 7.77 | AC51: 7.34 | AD51: 6.94 | AF51: 7.43 | AG51: 6.35 | AH51: 5.96 | AI51: 5.79 | AJ51: 5.49 | AK51: 4.93 | AL51: 4.87 | AM51: 5.68 | AN51: 5.5 | AO51: 6.01 | AP51: 6.61 | AR51: 6.47 | AS51: 6.28 | AT51: 6.93 | AU51: 7.86 | AV51: 7.93 | AW51: 7.63 | AX51: 7.52 | AY51: 7.28 | AZ51: 6.65 | BA51: 7.05 | BC51: 7.01 | BD51: 6.97 | BE51: 6.6 | BF51: 6.25 | BG51: 6.3 | BI51: 6.45 | BJ51: 7.1 | BM51: 7.05 | BS51: 9 | BZ51: 9.5 | CZ51: 9.98 | DG51: 9.86 | DH51: 10.8 | EA51: Dinamige
A52: UK001163 | B52: Escuela N° 17 | C52: 30 | S52: 15.2 | T52: 15.29 | U52: 15.35 | V52: 15.47 | W52: 15.7 | X52: 15.57 | Y52: 15.78 | Z52: 15.78 | AA52: 15.91 | AB52: 15.9 | AC52: 15.75 | AD52: 15.56 | AF52: 15.64 | AG52: 15.21 | AH52: 15.12 | AI52: 14.99 | AJ52: 14.26 | AK52: 14.15 | AL52: 13.91 | AM52: 14.25 | AN52: 14.28 | AO52: 14.52 | AP52: 14.64 | AQ52: 14.75 | AR52: 14.62 | AS52: 14.6 | AT52: 15.06 | AU52: 15.36 | AV52: 15.6 | AW52: 15.27 | AX52: 15.83 | AY52: 15.61 | AZ52: 15.29 | BA52: 15.42 | BB52: 13.43 | BC52: 15.43 | BD52: 15.33 | BE52: 15.1 | BF52: 14.87 | BG52: 14.67 | BI52: 14.92 | BJ52: 15.5 | EA52: Dinamige
A53: UK000459 | B53: ERMIDAL S.A. | C53: 29.11 | AM53: 20.15 | AN53: 20.53 | AO53: 20.38 | AP53: 20.92 | AQ53: 22.86 | AR53: 20.69 | AS53: 21.27 | AT53: 21.28 | AU53: 22.07 | AV53: 22.24 | AW53: 21.95 | AY53: 21.92 | AZ53: 21.28 | EA53: Dinamige
A54: UK000387 | B54: Babuglia | C54: 15.35 | AM54: 8.5 | AN54: 8.44 | AO54: 8.52 | AQ54: 8.68 | AR54: 8.48 | AT54: 8.81 | AU54: 9.3 | AV54: 9.28 | AW54: 9 | AX54: 9.25 | AY54: 9 | AZ54: 8.6 | BA54: 8.61 | BB54: 8.65 | BC54: 8.72 | BE54: 8.7 | BF54: 8.36 | BG54: 8.4 | BI54: 8.48 | BJ54: 8.58 | BL54: 8.58 | BM54: 8.6 | BN54: 8.48 | BO54: 8.53 | EA54: Dinamige
A55: UK000673 | B55: Ceretta | C55: 40 | R55: 22.85 | S55: 22.49 | T55: 22.54 | U55: 22.71 | V55: 23.25 | W55: 22.9 | X55: 23.09 | Y55: 22.85 | Z55: 22.86 | AA55: 22.85 | AB55: 23.15 | AC55: 22.73 | AD55: 22.5 | AE55: 23.06 | AF55: 23.2 | AG55: 21.9 | AH55: 21.05 | AI55: 21.05 | AJ55: 20.42 | AK55: 18.95 | AL55: 19.46 | AM55: 21.67 | AN55: 20.96 | AO55: 21.41 | AP55: 22.11 | AQ55: 22.22 | AR55: 21.4 | AS55: 21.73 | AT55: 22.56 | AX55: 23.24 | AY55: 22.84 | AZ55: 21.6 | BA55: 22.49 | BB55: 22.4 | BC55: 22.62 | BD55: 22.41 | BE55: 22 | BF55: 20.99 | BG55: 21.91 | BI55: 21.98 | BJ55: 22.4 | BN55: 21.93 | BO55: 22.72 | BP55: 22.35 | BZ55: 24.3 | CE55: 23.8 | CQ55: 24.19 | CZ55: 24.28 | DC55: 24.52 | DG55: 24.25 | DH55: 24.43 | EA55: Dinamige
A56: UK000924 | B56: Sena, Bal. Ordeix | C56: 13 | S56: 10.62 | T56: 10.8 | U56: 10.75 | V56: 10.46 | W56: 10.85 | X56: 10.75 | Y56: 10.75 | Z56: 10.48 | AA56: 10.71 | AB56: 10.6 | AC56: 10.7 | AD56: 10.54 | AE56: 10.77 | AF56: 10.72 | AG56: 9.93 | AH56: 10.34 | AI56: 10.59 | AJ56: 10.51 | AK56: 10.34 | AL56: 10.28 | AM56: 10.43 | AN56: 10.8 | AO56: 10.69 | AP56: 10.35 | AQ56: 10.75 | AR56: 10.42 | AS56: 10.31 | AT56: 10.7 | AU56: 10.63 | AV56: 10.73 | AW56: 10.45 | AX56: 10.43 | AY56: 10.48 | AZ56: 10.35 | EA56: Dinamige
A57: UK000705 | B57: Diaz, Alfonso | C57: 14 | U57: 6.7 | V57: 8.2 | W57: 6.97 | Y57: 6.85 | Z57: 6.88 | AA57: 6.9 | AC57: 6.8 | AD57: 6.45 | AE57: 7.09 | AF57: 7.09 | AG57: 6.32 | AH57: 5.91 | AI57: 6.12 | AJ57: 5.93 | AK57: 5.63 | AL57: 5.6 | AM57: 6.18 | AN57: 5.84 | AO57: 6.26 | AP57: 6.53 | AQ57: 8.07 | AR57: 6.35 | AS57: 10.12 | AT57: 7.12 | AU57: 7.53 | AV57: 7.69 | AW57: 7.3 | AX57: 7.35 | AY57: 7.26 | AZ57: 6.74 | BA57: 7.06 | BC57: 8.88 | BD57: 7.04 | BE57: 6.7 | BF57: 6.28 | BG57: 7.45 | BI57: 6.73 | BJ57: 7.13 | BM57: 7.09 | BS57: 13.8 | BZ57: 14.32 | EA57: Dinamige
A58: UK000657 | B58: Cres. de Hereford | C58: 55 | U58: 35.95 | V58: 35.4 | W58: 35.89 | X58: 35.48 | Y58: 35.3 | Z58: 35.38 | AA58: 35.47 | AB58: 35.49 | AC58: 35.4 | AD58: 35.28 | AE58: 35.42 | AF58: 35.46 | AG58: 35.33 | AH58: 34.97 | AI58: 34.57 | AJ58: 34.75 | AK58: 32.83 | AL58: 32.32 | AM58: 34.85 | AN58: 34.28 | AO58: 33.98 | AP58: 34.42 | AQ58: 34.58 | AR58: 34.36 | AS58: 34.22 | AT58: 34.94 | AU58: 35.42 | AV58: 35.55 | AW58: 35.56 | AX58: 35.68 | AY58: 35.69 | AZ58: 35.21 | EA58: Dinamige
A59: UK000997 | B59: Toryal | C59: 16 | W59: 12.75 | X59: 12.44 | Y59: 12.25 | Z59: 12.03 | AA59: 11.77 | AB59: 11.79 | AC59: 11.63 | AD59: 10.73 | AE59: 13.17 | AF59: 11.61 | AG59: 10.38 | AH59: 11.12 | AI59: 10.74 | AJ59: 10.46 | AK59: 10.98 | AL59: 9.76 | AM59: 10.88 | AN59: 10.82 | AO59: 11.64 | AP59: 12.49 | AQ59: 12.76 | AR59: 11.94 | AS59: 12.63 | AT59: 12.89 | AU59: 13.01 | AV59: 11.98 | AW59: 11.5 | AX59: 12.82 | AY59: 11.86 | AZ59: 11.39 | BA59: 13.65 | BC59: 13.6 | BD59: 12.31 | BE59: 13.1 | BF59: 11.5 | BG59: 12.86 | BI59: 13.14 | BJ59: 13.7 | BL59: 13.65 | BM59: 13.71 | BN59: 14.12 | BO59: 15.59 | BP59: 15.3 | BS59: 15.7 | BZ59: 16.93 | CE59: 16.3 | CQ59: 16.95 | CV59: 17.05 | CZ59: 16.89 | DC59: 16.89 | DG59: 17.15 | EA59: Dinamige
A60: UK000755 | B60: Toryal | C60: 16 | W60: 9.5 | X60: 9.52 | Y60: 9.33 | Z60: 9.45 | AA60: 9.42 | AB60: 9.44 | AC60: 8.29 | AD60: 8.88 | AE60: 9.63 | AF60: 9.56 | AG60: 9 | AH60: 8.07 | AI60: 7.25 | AJ60: 7.15 | AK60: 6.77 | AL60: 6.7 | AM60: 7.08 | AN60: 7.17 | AO60: 7.44 | AP60: 8.13 | AQ60: 8.18 | AR60: 8.12 | AS60: 8.04 | AT60: 8.54 | AU60: 8.89 | AV60: 8.94 | AW60: 8.77 | AX60: 8.59 | AY60: 8.65 | AZ60: 8.23 | EA60: Dinamige
A61: UK001197 | B61: Escuela 44 | C61: 22 | AJ61: 11.23 | AK61: 11.03 | AL61: 11.39 | AM61: 12.37 | AN61: 11.8 | AO61: 12.41 | AP61: 12.55 | AQ61: 12.48 | AR61: 12.03 | AS61: 11.9 | AT61: 12.68 | AU61: 12.89 | AV61: 12.95 | AW61: 12.83 | AX61: 12.64 | AY61: 12.38 | AZ61: 11.52 | BA61: 12.06 | BB61: 12.2 | BC61: 11.96 | EA61: Dinamige
A62: UK001198 | B62: Pacheco, Enrique | C62: 30 | AJ62: 14.23 | AK62: 14.09 | AL62: 13.89 | AM62: 14.59 | AN62: 14.56 | AO62: 14.88 | AP62: 14.89 | AQ62: 14.83 | AR62: 14.61 | AS62: 14.24 | AT62: 15.55 | AU62: 15.27 | AV62: 15.41 | AW62: 15.31 | AX62: 15.23 | AY62: 15.18 | AZ62: 11.54 | BA62: 14.75 | BB62: 14.83 | BC62: 14.78 | BD62: 14.75 | BE62: 14.6 | BG62: 14.22 | BI62: 14.55 | BJ62: 15.09 | BL62: 14.71 | BM62: 14.93 | BN62: 14.89 | BO62: 15.19 | BP62: 14.5 | BS62: 15 | BZ62: 16.8 | EA62: Dinamige
A63: UK000570 | B63: Daniel Rodríguez (piez) | C63: 30 | AR63: 9.61 | AT63: 10.05 | AU63: 10.42 | AV63: 10.48 | AW63: 10.37 | AX63: 11.16 | AY63: 10.35 | AZ63: 9.94 | BA63: 10.45 | BC63: 10.41 | BD63: 9.94 | BE63: 9.9 | BF63: 9.57 | BG63: 10.76 | BI63: 9.69 | BJ63: 10 | BM63: 10.06 | BO63: 10.08 | EA63: Dinamige
